file	ported	total_tests	passing	failing	status	real_pass	real_total	expect_failure
t0000-basic	yes	135	135	0	ok	135	135	0
t0001-init	yes	186	186	0	ok	186	186	0
t0002-gitfile	yes	10	10	0	ok	10	10	0
t0003-attributes	yes	25	25	0	ok	25	25	0
t0004-unwritable	yes	6	6	0	ok	6	6	0
t0005-signals	yes	0	0	0	ok	0	0	0
t0006-date	yes	13	13	0	ok	13	13	0
t0007-git-var	yes	30	30	0	ok	30	30	0
t0008-ignores	yes	109	109	0	ok	109	109	0
t0009-git-dir-validation	yes	5	5	0	ok	5	5	0
t0010-racy-git	yes	11	11	0	ok	11	11	0
t0012-help	yes	25	25	0	ok	25	25	0
t0013-sha1dc	yes	0	0	0	ok	0	0	0
t0014-alias	yes	4	4	0	ok	4	4	0
t0017-env-helper	yes	0	0	0	ok	0	0	0
t0018-advice	yes	21	21	0	ok	21	21	0
t0019-json-writer	yes	0	0	0	ok	0	0	0
t0020-crlf	yes	9	9	0	ok	9	9	0
t0021-conversion	yes	5	5	0	ok	5	5	0
t0022-crlf-rename	yes	2	2	0	ok	2	2	0
t0023-crlf-am	yes	2	2	0	ok	2	2	0
t0024-crlf-archive	yes	2	2	0	ok	2	2	0
t0025-crlf-renormalize	yes	3	3	0	ok	3	3	0
t0026-eol-config	yes	5	5	0	ok	5	5	0
t0027-auto-crlf	yes	5	5	0	ok	5	5	0
t0028-working-tree-encoding	yes	3	3	0	ok	3	3	0
t0029-core-unsetenvvars	yes	1	1	0	ok	1	1	0
t0030-stripspace	yes	36	36	0	ok	36	36	0
t0031-lockfile-pid	yes	2	2	0	ok	2	2	0
t0033-safe-directory	yes	4	4	0	ok	4	4	0
t0034-root-safe-directory	yes	1	1	0	ok	1	1	0
t0035-safe-bare-repository	yes	4	4	0	ok	4	4	0
t0040-parse-options	yes	32	32	0	ok	32	32	0
t0041-usage	yes	9	9	0	ok	9	9	0
t0050-filesystem	yes	30	30	0	ok	30	30	0
t0051-windows-named-pipe	yes	0	0	0	ok	0	0	0
t0052-simple-ipc	yes	0	0	0	ok	0	0	0
t0055-beyond-symlinks	yes	3	3	0	ok	3	3	0
t0056-git-C	yes	3	3	0	ok	3	3	0
t0060-path-utils	yes	28	28	0	ok	28	28	0
t0061-run-command	yes	0	0	0	ok	0	0	0
t0062-revision-walking	yes	0	0	0	ok	0	0	0
t0066-dir-iterator	yes	0	0	0	ok	0	0	0
t0067-parse_pathspec_file	yes	0	0	0	ok	0	0	0
t0068-for-each-repo	yes	4	4	0	ok	4	4	0
t0070-fundamental	yes	27	27	0	ok	27	27	0
t0071-sort	yes	0	0	0	ok	0	0	0
t0080-unit-test-output	yes	0	0	0	ok	0	0	0
t0081-find-pack	yes	0	0	0	ok	0	0	0
t0090-cache-tree	yes	27	27	0	ok	27	27	0
t0091-bugreport	yes	7	7	0	ok	7	7	0
t0092-diagnose	yes	10	10	0	ok	10	10	0
t0095-bloom	yes	0	0	0	ok	0	0	0
t0100-previous	yes	26	26	0	ok	26	26	0
t0101-at-syntax	yes	6	6	0	ok	6	6	0
t0200-gettext-basic	yes	2	2	0	ok	2	2	0
t0201-gettext-fallbacks	yes	2	2	0	ok	2	2	0
t0202-gettext-perl	yes	2	2	0	ok	2	2	0
t0203-gettext-setlocale-sanity	yes	2	2	0	ok	2	2	0
t0204-gettext-reencode-sanity	yes	2	2	0	ok	2	2	0
t0210-trace2-normal	yes	4	4	0	ok	4	4	0
t0211-trace2-perf	yes	2	2	0	ok	2	2	0
t0212-trace2-event	yes	2	2	0	ok	2	2	0
t0213-trace2-ancestry	yes	2	2	0	ok	2	2	0
t0300-credentials	yes	7	7	0	ok	7	7	0
t0301-credential-cache	yes	2	2	0	ok	2	2	0
t0302-credential-store	yes	5	5	0	ok	5	5	0
t0303-credential-external	yes	2	2	0	ok	2	2	0
t0410-partial-clone	yes	1	1	0	ok	1	1	0
t0411-clone-from-partial	yes	1	1	0	ok	1	1	0
t0450-txt-doc-vs-help	yes	1	1	0	ok	1	1	0
t0500-progress-display	yes	0	0	0	ok	0	0	0
t0600-reffiles-backend	yes	3	3	0	ok	3	3	0
t0602-reffiles-fsck	yes	4	4	0	ok	4	4	0
t0610-reftable-basics	yes	11	11	0	ok	11	11	0
t0611-reftable-httpd	yes	0	0	0	ok	0	0	0
t0612-reftable-jgit-compatibility	yes	2	2	0	ok	2	2	0
t0613-reftable-write-options	yes	3	3	0	ok	3	3	0
t0614-reftable-fsck	yes	3	3	0	ok	3	3	0
t1000-read-tree-m-3way	yes	9	9	0	ok	9	9	0
t1001-read-tree-m-2way	yes	26	26	0	ok	26	26	0
t1002-read-tree-m-u-2way	yes	21	21	0	ok	21	21	0
t1003-read-tree-prefix	yes	5	5	0	ok	5	5	0
t1004-read-tree-m-u-wf	yes	13	13	0	ok	13	13	0
t1005-read-tree-reset	yes	5	5	0	ok	5	5	0
t1006-cat-file	yes	119	119	0	ok	119	119	0
t1007-hash-object	yes	38	38	0	ok	38	38	0
t1008-read-tree-overlay	yes	3	3	0	ok	3	3	0
t1009-read-tree-new-index	yes	5	5	0	ok	5	5	0
t1010-mktree	yes	17	17	0	ok	17	17	0
t1011-read-tree-sparse-checkout	yes	8	8	0	ok	8	8	0
t1012-read-tree-df	yes	14	14	0	ok	14	14	0
t1014-read-tree-confusing	yes	11	11	0	ok	11	11	0
t1015-read-index-unmerged	yes	23	23	0	ok	23	23	0
t1016-compatObjectFormat	yes	1	1	0	ok	1	1	0
t1020-subdirectory	yes	11	11	0	ok	11	11	0
t1022-read-tree-partial-clone	yes	1	1	0	ok	1	1	0
t1050-large	yes	6	6	0	ok	6	6	0
t1051-large-conversion	yes	4	4	0	ok	4	4	0
t1060-object-corruption	yes	30	30	0	ok	30	30	0
t1090-sparse-checkout-scope	yes	6	6	0	ok	6	6	0
t1091-sparse-checkout-builtin	yes	10	10	0	ok	10	10	0
t1092-sparse-checkout-compatibility	yes	4	4	0	ok	4	4	0
t1100-commit-tree-options	yes	22	22	0	ok	22	22	0
t1300-config	yes	380	380	0	ok	380	380	0
t1301-shared-repo	yes	9	9	0	ok	9	9	0
t1302-repo-version	yes	27	27	0	ok	27	27	0
t1303-wacky-config	yes	9	9	0	ok	9	9	0
t1304-default-acl	yes	25	25	0	ok	25	25	0
t1305-config-include	yes	42	42	0	ok	42	42	0
t1306-xdg-files	yes	20	20	0	ok	20	20	0
t1307-config-blob	yes	23	23	0	ok	23	23	0
t1308-config-set	yes	44	44	0	ok	44	44	0
t1309-early-config	yes	22	22	0	ok	22	22	0
t1310-config-default	yes	3	3	0	ok	3	3	0
t1311-config-optional	yes	3	3	0	ok	3	3	0
t1350-config-hooks-path	yes	5	5	0	ok	5	5	0
t1400-update-ref	yes	299	299	0	ok	299	299	0
t1401-symbolic-ref	yes	23	23	0	ok	23	23	0
t1402-check-ref-format	yes	117	117	0	ok	117	117	0
t1403-show-ref	yes	33	33	0	ok	33	33	0
t1404-update-ref-errors	yes	32	32	0	ok	32	32	0
t1405-main-ref-store	yes	8	8	0	ok	8	8	0
t1406-submodule-ref-store	yes	3	3	0	ok	3	3	0
t1407-worktree-ref-store	yes	3	3	0	ok	3	3	0
t1408-packed-refs	yes	3	3	0	ok	3	3	0
t1409-avoid-packing-refs	yes	11	11	0	ok	11	11	0
t1410-reflog	yes	24	24	0	ok	24	24	0
t1411-reflog-show	yes	6	6	0	ok	6	6	0
t1412-reflog-loop	yes	4	4	0	ok	4	4	0
t1413-reflog-detach	yes	6	6	0	ok	6	6	0
t1414-reflog-walk	yes	4	4	0	ok	4	4	0
t1415-worktree-refs	yes	4	4	0	ok	4	4	0
t1416-ref-transaction-hooks	yes	3	3	0	ok	3	3	0
t1417-reflog-updateref	yes	3	3	0	ok	3	3	0
t1418-reflog-exists	yes	3	3	0	ok	3	3	0
t1419-exclude-refs	yes	2	2	0	ok	2	2	0
t1420-lost-found	yes	2	2	0	ok	2	2	0
t1421-reflog-write	yes	3	3	0	ok	3	3	0
t1423-ref-backend	yes	3	3	0	ok	3	3	0
t1430-bad-ref-name	yes	39	39	0	ok	39	39	0
t1450-fsck	yes	4	4	0	ok	4	4	0
t1451-fsck-buffer	yes	20	20	0	ok	20	20	0
t1460-refs-migrate	yes	5	5	0	ok	5	5	0
t1500-rev-parse	yes	78	75	3	ok	75	78	0
t1501-work-tree	yes	27	27	0	ok	27	27	0
t1502-rev-parse-parseopt	yes	2	2	0	ok	2	2	0
t1503-rev-parse-verify	yes	40	40	0	ok	40	40	0
t1504-ceiling-dirs	yes	37	37	0	ok	37	37	0
t1505-rev-parse-last	yes	35	35	0	ok	35	35	0
t1506-rev-parse-diagnosis	yes	8	8	0	ok	8	8	0
t1507-rev-parse-upstream	yes	8	8	0	ok	8	8	0
t1508-at-combinations	yes	14	14	0	ok	14	14	0
t1509-root-work-tree	yes	3	3	0	ok	3	3	0
t1510-repo-setup	yes	36	36	0	ok	36	36	0
t1511-rev-parse-caret	yes	30	30	0	ok	30	30	0
t1512-rev-parse-disambiguation	yes	10	10	0	ok	10	10	0
t1513-rev-parse-prefix	yes	20	20	0	ok	20	20	0
t1514-rev-parse-push	yes	6	6	0	ok	6	6	0
t1515-rev-parse-outside-repo	yes	4	4	0	ok	4	4	0
t1517-outside-repo	yes	6	6	0	ok	6	6	0
t1600-index	yes	5	5	0	ok	5	5	0
t1601-index-bogus	yes	2	2	0	ok	2	2	0
t1700-split-index	yes	3	3	0	ok	3	3	0
t1701-racy-split-index	yes	3	3	0	ok	3	3	0
t1800-hook	yes	6	6	0	ok	6	6	0
t1900-repo-info	yes	4	4	0	ok	4	4	0
t1901-repo-structure	yes	4	4	0	ok	4	4	0
t2000-conflict-when-checking-files-out	yes	6	6	0	ok	6	6	0
t2003-checkout-cache-mkdir	yes	7	7	0	ok	7	7	0
t2004-checkout-cache-temp	yes	7	7	0	ok	7	7	0
t2005-checkout-index-symlinks	yes	3	3	0	ok	3	3	0
t2006-checkout-index-basic	yes	4	4	0	ok	4	4	0
t2007-checkout-symlink	yes	4	4	0	ok	4	4	0
t2008-checkout-subdir	yes	22	22	0	ok	22	22	0
t2009-checkout-statinfo	yes	25	25	0	ok	25	25	0
t2010-checkout-ambiguous	yes	7	7	0	ok	7	7	0
t2011-checkout-invalid-head	yes	24	24	0	ok	24	24	0
t2012-checkout-last	yes	25	25	0	ok	25	25	0
t2013-checkout-submodule	yes	3	3	0	ok	3	3	0
t2014-checkout-switch	yes	24	24	0	ok	24	24	0
t2015-checkout-unborn	yes	9	9	0	ok	9	9	0
t2016-checkout-patch	yes	22	22	0	ok	22	22	0
t2017-checkout-orphan	yes	5	5	0	ok	5	5	0
t2018-checkout-branch	yes	25	25	0	ok	25	25	0
t2019-checkout-ambiguous-ref	yes	4	4	0	ok	4	4	0
t2020-checkout-detach	yes	31	31	0	ok	31	31	0
t2021-checkout-overwrite	yes	22	22	0	ok	22	22	0
t2022-checkout-paths	yes	20	20	0	ok	20	20	0
t2023-checkout-m	yes	4	4	0	ok	4	4	0
t2024-checkout-dwim	yes	7	7	0	ok	7	7	0
t2025-checkout-no-overlay	yes	18	18	0	ok	18	18	0
t2026-checkout-pathspec-file	yes	3	3	0	ok	3	3	0
t2027-checkout-track	yes	5	5	0	ok	5	5	0
t2030-unresolve-info	yes	5	5	0	ok	5	5	0
t2050-git-dir-relative	yes	4	4	0	ok	4	4	0
t2060-switch	yes	72	72	0	ok	72	72	0
t2070-restore	yes	44	44	0	ok	44	44	0
t2071-restore-patch	yes	4	4	0	ok	4	4	0
t2072-restore-pathspec-file	yes	4	4	0	ok	4	4	0
t2080-parallel-checkout-basics	yes	3	3	0	ok	3	3	0
t2081-parallel-checkout-collisions	yes	3	3	0	ok	3	3	0
t2082-parallel-checkout-attributes	yes	3	3	0	ok	3	3	0
t2101-update-index-reupdate	yes	4	4	0	ok	4	4	0
t2103-update-index-ignore-missing	yes	5	5	0	ok	5	5	0
t2104-update-index-skip-worktree	yes	4	4	0	ok	4	4	0
t2105-update-index-gitfile	yes	5	5	0	ok	5	5	0
t2106-update-index-assume-unchanged	yes	3	3	0	ok	3	3	0
t2107-update-index-basic	yes	24	24	0	ok	24	24	0
t2108-update-index-refresh-racy	yes	4	4	0	ok	4	4	0
t2200-add-update	yes	22	22	0	ok	22	22	0
t2201-add-update-typechange	yes	4	4	0	ok	4	4	0
t2202-add-addremove	yes	3	3	0	ok	3	3	0
t2203-add-intent	yes	5	5	0	ok	5	5	0
t2204-add-ignored	yes	17	17	0	ok	17	17	0
t2205-add-worktree-config	yes	5	5	0	ok	5	5	0
t2206-add-submodule-ignored	yes	4	4	0	ok	4	4	0
t2400-worktree-add	yes	8	8	0	ok	8	8	0
t2401-worktree-prune	yes	7	7	0	ok	7	7	0
t2402-worktree-list	yes	5	5	0	ok	5	5	0
t2403-worktree-move	yes	11	11	0	ok	11	11	0
t2404-worktree-config	yes	5	5	0	ok	5	5	0
t2405-worktree-submodule	yes	4	4	0	ok	4	4	0
t2406-worktree-repair	yes	6	6	0	ok	6	6	0
t2407-worktree-heads	yes	4	4	0	ok	4	4	0
t2500-untracked-overwriting	yes	3	3	0	ok	3	3	0
t2501-cwd-empty	yes	3	3	0	ok	3	3	0
t3000-ls-files-others	yes	5	5	0	ok	5	5	0
t3001-ls-files-others-exclude	yes	5	5	0	ok	5	5	0
t3002-ls-files-dashpath	yes	7	7	0	ok	7	7	0
t3003-ls-files-exclude	yes	24	24	0	ok	24	24	0
t3004-ls-files-basic	yes	7	7	0	ok	7	7	0
t3005-ls-files-relative	yes	24	24	0	ok	24	24	0
t3006-ls-files-long	yes	23	23	0	ok	23	23	0
t3007-ls-files-recurse-submodules	yes	4	4	0	ok	4	4	0
t3008-ls-files-lazy-init-name-hash	yes	5	5	0	ok	5	5	0
t3009-ls-files-others-nonsubmodule	yes	5	4	1	ok	4	5	0
t3010-ls-files-killed-modified	yes	4	4	0	ok	4	4	0
t3011-common-prefixes-and-directory-traversal	yes	5	5	0	ok	5	5	0
t3012-ls-files-dedup	yes	30	30	0	ok	30	30	0
t3013-ls-files-format	yes	31	31	0	ok	31	31	0
t3020-ls-files-error-unmatch	yes	28	28	0	ok	28	28	0
t3040-subprojects-basic	yes	5	5	0	ok	5	5	0
t3060-ls-files-with-tree	yes	26	26	0	ok	26	26	0
t3070-wildmatch	yes	27	27	0	ok	27	27	0
t3101-ls-tree-dirname	yes	20	20	0	ok	20	20	0
t3102-ls-tree-wildcards	yes	6	6	0	ok	6	6	0
t3103-ls-tree-misc	yes	24	24	0	ok	24	24	0
t3104-ls-tree-format	yes	5	5	0	ok	5	5	0
t3105-ls-tree-output	yes	9	9	0	ok	9	9	0
t3200-branch	yes	270	270	0	ok	270	270	0
t3201-branch-contains	yes	30	30	0	ok	30	30	0
t3202-show-branch	yes	3	3	0	ok	3	3	0
t3203-branch-output	yes	30	30	0	ok	30	30	0
t3204-branch-name-interpretation	yes	16	16	0	ok	16	16	0
t3205-branch-color	yes	21	21	0	ok	21	21	0
t3206-range-diff	yes	4	4	0	ok	4	4	0
t3207-branch-submodule	yes	7	7	0	ok	7	7	0
t3211-peel-ref	yes	5	5	0	ok	5	5	0
t3300-funny-names	yes	6	6	0	ok	6	6	0
t3301-notes	yes	18	18	0	ok	18	18	0
t3302-notes-index-expensive	yes	3	3	0	ok	3	3	0
t3303-notes-subtrees	yes	4	4	0	ok	4	4	0
t3304-notes-mixed	yes	9	9	0	ok	9	9	0
t3305-notes-fanout	yes	4	4	0	ok	4	4	0
t3306-notes-prune	yes	4	4	0	ok	4	4	0
t3307-notes-man	yes	2	2	0	ok	2	2	0
t3308-notes-merge	yes	6	6	0	ok	6	6	0
t3309-notes-merge-auto-resolve	yes	4	4	0	ok	4	4	0
t3310-notes-merge-manual-resolve	yes	5	5	0	ok	5	5	0
t3311-notes-merge-fanout	yes	4	4	0	ok	4	4	0
t3320-notes-merge-worktrees	yes	3	3	0	ok	3	3	0
t3321-notes-stripspace	yes	4	4	0	ok	4	4	0
t3400-rebase	yes	7	7	0	ok	7	7	0
t3401-rebase-and-am-rename	yes	4	4	0	ok	4	4	0
t3402-rebase-merge	yes	4	4	0	ok	4	4	0
t3403-rebase-skip	yes	6	6	0	ok	6	6	0
t3404-rebase-interactive	yes	3	3	0	ok	3	3	0
t3405-rebase-malformed	yes	2	2	0	ok	2	2	0
t3406-rebase-message	yes	4	4	0	ok	4	4	0
t3407-rebase-abort	yes	3	3	0	ok	3	3	0
t3409-rebase-environ	yes	2	2	0	ok	2	2	0
t3412-rebase-root	yes	3	3	0	ok	3	3	0
t3413-rebase-hook	yes	4	4	0	ok	4	4	0
t3415-rebase-autosquash	yes	5	5	0	ok	5	5	0
t3416-rebase-onto-threedots	yes	4	4	0	ok	4	4	0
t3417-rebase-whitespace-fix	yes	4	4	0	ok	4	4	0
t3418-rebase-continue	yes	7	7	0	ok	7	7	0
t3419-rebase-patch-id	yes	3	3	0	ok	3	3	0
t3420-rebase-autostash	yes	4	4	0	ok	4	4	0
t3421-rebase-topology-linear	yes	6	6	0	ok	6	6	0
t3422-rebase-incompatible-options	yes	5	5	0	ok	5	5	0
t3423-rebase-reword	yes	3	3	0	ok	3	3	0
t3424-rebase-empty	yes	4	4	0	ok	4	4	0
t3425-rebase-topology-merges	yes	5	5	0	ok	5	5	0
t3426-rebase-submodule	yes	3	3	0	ok	3	3	0
t3427-rebase-subtree	yes	3	3	0	ok	3	3	0
t3428-rebase-signoff	yes	3	3	0	ok	3	3	0
t3429-rebase-edit-todo	yes	4	4	0	ok	4	4	0
t3430-rebase-merges	yes	4	4	0	ok	4	4	0
t3431-rebase-fork-point	yes	4	4	0	ok	4	4	0
t3432-rebase-fast-forward	yes	5	5	0	ok	5	5	0
t3433-rebase-across-mode-change	yes	2	2	0	ok	2	2	0
t3434-rebase-i18n	yes	3	3	0	ok	3	3	0
t3435-rebase-gpg-sign	yes	4	4	0	ok	4	4	0
t3436-rebase-more-options	yes	4	4	0	ok	4	4	0
t3437-rebase-fixup-options	yes	4	4	0	ok	4	4	0
t3438-rebase-broken-files	yes	5	5	0	ok	5	5	0
t3440-rebase-trailer	yes	3	3	0	ok	3	3	0
t3450-history	yes	4	4	0	ok	4	4	0
t3451-history-reword	yes	6	6	0	ok	6	6	0
t3452-history-split	yes	5	5	0	ok	5	5	0
t3500-cherry	yes	15	15	0	ok	15	15	0
t3501-revert-cherry-pick	yes	12	12	0	ok	12	12	0
t3502-cherry-pick-merge	yes	11	11	0	ok	11	11	0
t3503-cherry-pick-root	yes	5	5	0	ok	5	5	0
t3504-cherry-pick-rerere	yes	5	5	0	ok	5	5	0
t3505-cherry-pick-empty	yes	5	5	0	ok	5	5	0
t3506-cherry-pick-ff	yes	5	5	0	ok	5	5	0
t3507-cherry-pick-conflict	yes	27	27	0	ok	27	27	0
t3508-cherry-pick-many-commits	yes	4	4	0	ok	4	4	0
t3509-cherry-pick-merge-df	yes	4	4	0	ok	4	4	0
t3510-cherry-pick-sequence	yes	24	24	0	ok	24	24	0
t3511-cherry-pick-x	yes	8	8	0	ok	8	8	0
t3512-cherry-pick-submodule	yes	4	4	0	ok	4	4	0
t3514-cherry-pick-revert-gpg	yes	5	5	0	ok	5	5	0
t3600-rm	yes	151	151	0	ok	151	151	0
t3601-rm-pathspec-file	yes	5	5	0	ok	5	5	0
t3602-rm-sparse-checkout	yes	8	8	0	ok	8	8	0
t3650-replay-basics	yes	5	5	0	ok	5	5	0
t3700-add	yes	73	73	0	ok	73	73	0
t3701-add-interactive	yes	5	5	0	ok	5	5	0
t3702-add-edit	yes	7	7	0	ok	7	7	0
t3703-add-magic-pathspec	yes	4	4	0	ok	4	4	0
t3704-add-pathspec-file	yes	5	5	0	ok	5	5	0
t3705-add-sparse-checkout	yes	5	5	0	ok	5	5	0
t3800-mktag	yes	63	63	0	ok	63	63	0
t3900-i18n-commit	yes	6	6	0	ok	6	6	0
t3901-i18n-patch	yes	5	5	0	ok	5	5	0
t3902-quoted	yes	6	6	0	ok	6	6	0
t3903-stash	yes	31	31	0	ok	31	31	0
t3904-stash-patch	yes	8	8	0	ok	8	8	0
t3905-stash-include-untracked	yes	5	5	0	ok	5	5	0
t3906-stash-submodule	yes	5	5	0	ok	5	5	0
t3907-stash-show-config	yes	7	7	0	ok	7	7	0
t3908-stash-in-worktree	yes	7	7	0	ok	7	7	0
t3909-stash-pathspec-file	yes	4	4	0	ok	4	4	0
t3910-mac-os-precompose	yes	3	3	0	ok	3	3	0
t3920-crlf-messages	yes	3	3	0	ok	3	3	0
t4000-diff-format	yes	65	65	0	ok	65	65	0
t4001-diff-rename	yes	27	27	0	ok	27	27	0
t4002-diff-basic	yes	33	33	0	ok	33	33	0
t4003-diff-rename-1	yes	7	7	0	ok	7	7	0
t4004-diff-rename-symlink	yes	4	4	0	ok	4	4	0
t4005-diff-rename-2	yes	4	4	0	ok	4	4	0
t4006-diff-mode	yes	21	21	0	ok	21	21	0
t4007-rename-3	yes	26	26	0	ok	26	26	0
t4008-diff-break-rewrite	yes	28	28	0	ok	28	28	0
t4010-diff-pathspec	yes	31	31	0	ok	31	31	0
t4011-diff-symlink	yes	5	5	0	ok	5	5	0
t4012-diff-binary	yes	21	21	0	ok	21	21	0
t4013-diff-various	yes	112	112	0	ok	112	112	0
t4014-format-patch	yes	15	15	0	ok	15	15	0
t4015-diff-whitespace	yes	52	52	0	ok	52	52	0
t4016-diff-quote	yes	38	38	0	ok	38	38	0
t4017-diff-retval	yes	40	40	0	ok	40	40	0
t4018-diff-funcname	yes	3	3	0	ok	3	3	0
t4019-diff-wserror	yes	4	4	0	ok	4	4	0
t4020-diff-external	yes	5	5	0	ok	5	5	0
t4021-format-patch-numbered	yes	12	12	0	ok	12	12	0
t4022-diff-rewrite	yes	5	5	0	ok	5	5	0
t4023-diff-rename-typechange	yes	32	32	0	ok	32	32	0
t4024-diff-optimize-common	yes	3	3	0	ok	3	3	0
t4025-hunk-header	yes	3	3	0	ok	3	3	0
t4026-color	yes	5	5	0	ok	5	5	0
t4027-diff-submodule	yes	5	5	0	ok	5	5	0
t4028-format-patch-mime-headers	yes	3	3	0	ok	3	3	0
t4029-diff-trailing-space	yes	5	5	0	ok	5	5	0
t4030-diff-textconv	yes	20	20	0	ok	20	20	0
t4031-diff-rewrite-binary	yes	29	29	0	ok	29	29	0
t4032-diff-inter-hunk-context	yes	32	32	0	ok	32	32	0
t4033-diff-patience	yes	35	35	0	ok	35	35	0
t4034-diff-words	yes	5	5	0	ok	5	5	0
t4035-diff-quiet	yes	45	45	0	ok	45	45	0
t4036-format-patch-signer-mime	yes	2	2	0	ok	2	2	0
t4038-diff-combined	yes	28	28	0	ok	28	28	0
t4039-diff-assume-unchanged	yes	20	20	0	ok	20	20	0
t4040-whitespace-status	yes	24	24	0	ok	24	24	0
t4041-diff-submodule-option	yes	5	5	0	ok	5	5	0
t4042-diff-textconv-caching	yes	3	3	0	ok	3	3	0
t4043-diff-rename-binary	yes	5	5	0	ok	5	5	0
t4044-diff-index-unique-abbrev	yes	10	10	0	ok	10	10	0
t4045-diff-relative	yes	8	8	0	ok	8	8	0
t4046-diff-unmerged	yes	29	29	0	ok	29	29	0
t4047-diff-dirstat	yes	7	7	0	ok	7	7	0
t4048-diff-combined-binary	yes	4	4	0	ok	4	4	0
t4049-diff-stat-count	yes	15	15	0	ok	15	15	0
t4051-diff-function-context	yes	5	5	0	ok	5	5	0
t4052-stat-output	yes	8	8	0	ok	8	8	0
t4053-diff-no-index	yes	10	10	0	ok	10	10	0
t4054-diff-bogus-tree	yes	8	8	0	ok	8	8	0
t4055-diff-context	yes	25	25	0	ok	25	25	0
t4056-diff-order	yes	5	5	0	ok	5	5	0
t4057-diff-combined-paths	yes	4	4	0	ok	4	4	0
t4058-diff-duplicates	yes	16	16	0	ok	16	16	0
t4059-diff-submodule-not-initialized	yes	3	3	0	ok	3	3	0
t4060-diff-submodule-option-diff-format	yes	4	4	0	ok	4	4	0
t4061-diff-indent	yes	5	5	0	ok	5	5	0
t4062-diff-pickaxe	yes	23	23	0	ok	23	23	0
t4063-diff-blobs	yes	23	23	0	ok	23	23	0
t4064-diff-oidfind	yes	3	3	0	ok	3	3	0
t4065-diff-anchored	yes	7	7	0	ok	7	7	0
t4066-diff-emit-delay	yes	3	3	0	ok	3	3	0
t4067-diff-partial-clone	yes	4	4	0	ok	4	4	0
t4068-diff-symmetric-merge-base	yes	5	5	0	ok	5	5	0
t4069-remerge-diff	yes	3	3	0	ok	3	3	0
t4070-diff-pairs	yes	4	4	0	ok	4	4	0
t4071-diff-minimal	yes	1	1	0	ok	1	1	0
t4072-diff-max-depth	yes	5	5	0	ok	5	5	0
t4073-diff-stat-name-width	yes	5	5	0	ok	5	5	0
t4074-diff-shifted-matched-group	yes	4	4	0	ok	4	4	0
t4100-apply-stat	yes	42	42	0	ok	42	42	0
t4101-apply-nonl	yes	12	12	0	ok	12	12	0
t4102-apply-rename	yes	5	5	0	ok	5	5	0
t4103-apply-binary	yes	4	4	0	ok	4	4	0
t4104-apply-boundary	yes	8	8	0	ok	8	8	0
t4105-apply-fuzz	yes	3	3	0	ok	3	3	0
t4106-apply-stdin	yes	3	3	0	ok	3	3	0
t4107-apply-ignore-whitespace	yes	2	2	0	ok	2	2	0
t4108-apply-threeway	yes	5	5	0	ok	5	5	0
t4109-apply-multifrag	yes	3	3	0	ok	3	3	0
t4110-apply-scan	yes	8	8	0	ok	8	8	0
t4111-apply-subdir	yes	8	8	0	ok	8	8	0
t4112-apply-renames	yes	4	4	0	ok	4	4	0
t4113-apply-ending	yes	5	5	0	ok	5	5	0
t4114-apply-typechange	yes	6	6	0	ok	6	6	0
t4115-apply-symlink	yes	4	4	0	ok	4	4	0
t4116-apply-reverse	yes	5	5	0	ok	5	5	0
t4117-apply-reject	yes	7	7	0	ok	7	7	0
t4118-apply-empty-context	yes	4	4	0	ok	4	4	0
t4119-apply-config	yes	9	9	0	ok	9	9	0
t4120-apply-popt	yes	3	3	0	ok	3	3	0
t4121-apply-diffs	yes	3	3	0	ok	3	3	0
t4122-apply-symlink-inside	yes	3	3	0	ok	3	3	0
t4123-apply-shrink	yes	4	4	0	ok	4	4	0
t4124-apply-ws-rule	yes	7	7	0	ok	7	7	0
t4125-apply-ws-fuzz	yes	5	5	0	ok	5	5	0
t4126-apply-empty	yes	3	3	0	ok	3	3	0
t4127-apply-same-fn	yes	4	4	0	ok	4	4	0
t4128-apply-root	yes	5	5	0	ok	5	5	0
t4129-apply-samemode	yes	8	8	0	ok	8	8	0
t4130-apply-criss-cross-rename	yes	3	3	0	ok	3	3	0
t4131-apply-fake-ancestor	yes	3	3	0	ok	3	3	0
t4132-apply-removal	yes	5	5	0	ok	5	5	0
t4133-apply-filenames	yes	4	4	0	ok	4	4	0
t4134-apply-submodule	yes	2	2	0	ok	2	2	0
t4135-apply-weird-filenames	yes	4	4	0	ok	4	4	0
t4136-apply-check	yes	9	9	0	ok	9	9	0
t4138-apply-ws-expansion	yes	4	4	0	ok	4	4	0
t4139-apply-escape	yes	5	5	0	ok	5	5	0
t4140-apply-ita	yes	4	4	0	ok	4	4	0
t4141-apply-too-large	yes	4	4	0	ok	4	4	0
t4150-am	yes	87	87	0	ok	87	87	0
t4151-am-abort	yes	8	8	0	ok	8	8	0
t4152-am-subjects	yes	5	5	0	ok	5	5	0
t4153-am-resume-override-opts	yes	4	4	0	ok	4	4	0
t4200-rerere	yes	6	6	0	ok	6	6	0
t4201-shortlog	yes	3	3	0	ok	3	3	0
t4202-log	yes	289	289	0	ok	289	289	0
t4203-mailmap	yes	27	27	0	ok	27	27	0
t4204-patch-id	yes	24	24	0	ok	24	24	0
t4205-log-pretty-formats	yes	132	132	0	ok	132	132	0
t4206-log-follow-harder-copies	yes	7	7	0	ok	7	7	0
t4207-log-decoration-colors	yes	2	2	0	ok	2	2	0
t4208-log-magic-pathspec	yes	5	5	0	ok	5	5	0
t4209-log-pickaxe	yes	30	30	0	ok	30	30	0
t4210-log-i18n	yes	29	29	0	ok	29	29	0
t4211-line-log	yes	29	29	0	ok	29	29	0
t4212-log-corrupt	yes	7	7	0	ok	7	7	0
t4213-log-tabexpand	yes	2	2	0	ok	2	2	0
t4214-log-graph-octopus	yes	6	6	0	ok	6	6	0
t4215-log-skewed-merges	yes	6	6	0	ok	6	6	0
t4216-log-bloom	yes	7	7	0	ok	7	7	0
t4217-log-limit	yes	3	3	0	ok	3	3	0
t4252-am-options	yes	7	7	0	ok	7	7	0
t4253-am-keep-cr-dos	yes	5	5	0	ok	5	5	0
t4254-am-corrupt	yes	4	4	0	ok	4	4	0
t4255-am-submodule	yes	5	5	0	ok	5	5	0
t4256-am-format-flowed	yes	3	3	0	ok	3	3	0
t4257-am-interactive	yes	4	4	0	ok	4	4	0
t4258-am-quoted-cr	yes	4	4	0	ok	4	4	0
t4300-merge-tree	yes	27	27	0	ok	27	27	0
t4301-merge-tree-write-tree	yes	4	4	0	ok	4	4	0
t5000-tar-tree	yes	9	9	0	ok	9	9	0
t5001-archive-attr	yes	6	6	0	ok	6	6	0
t5002-archive-attr-pattern	yes	5	5	0	ok	5	5	0
t5003-archive-zip	yes	6	6	0	ok	6	6	0
t5004-archive-corner-cases	yes	6	6	0	ok	6	6	0
t5100-mailinfo	yes	9	9	0	ok	9	9	0
t5150-request-pull	yes	4	4	0	ok	4	4	0
t5200-update-server-info	yes	4	4	0	ok	4	4	0
t5300-pack-object	yes	26	26	0	ok	26	26	0
t5301-sliding-window	yes	18	18	0	ok	18	18	0
t5302-pack-index	yes	31	31	0	ok	31	31	0
t5303-pack-corruption-resilience	yes	5	5	0	ok	5	5	0
t5304-prune	yes	19	19	0	ok	19	19	0
t5305-include-tag	yes	4	4	0	ok	4	4	0
t5306-pack-nobase	yes	4	4	0	ok	4	4	0
t5307-pack-missing-commit	yes	4	4	0	ok	4	4	0
t5308-pack-detect-duplicates	yes	4	4	0	ok	4	4	0
t5309-pack-delta-cycles	yes	4	4	0	ok	4	4	0
t5310-pack-bitmaps	yes	37	37	0	ok	37	37	0
t5311-pack-bitmaps-shallow	yes	4	4	0	ok	4	4	0
t5312-prune-corruption	yes	5	5	0	ok	5	5	0
t5313-pack-bounds-checks	yes	5	5	0	ok	5	5	0
t5314-pack-cycle-detection	yes	4	4	0	ok	4	4	0
t5315-pack-objects-compression	yes	2	2	0	ok	2	2	0
t5316-pack-delta-depth	yes	5	5	0	ok	5	5	0
t5317-pack-objects-filter-objects	yes	5	5	0	ok	5	5	0
t5318-commit-graph	yes	8	8	0	ok	8	8	0
t5319-multi-pack-index	yes	7	7	0	ok	7	7	0
t5320-delta-islands	yes	4	4	0	ok	4	4	0
t5321-pack-large-objects	yes	2	2	0	ok	2	2	0
t5322-pack-objects-sparse	yes	4	4	0	ok	4	4	0
t5323-pack-redundant	yes	4	4	0	ok	4	4	0
t5324-split-commit-graph	yes	6	6	0	ok	6	6	0
t5325-reverse-index	yes	4	4	0	ok	4	4	0
t5326-multi-pack-bitmaps	yes	5	5	0	ok	5	5	0
t5327-multi-pack-bitmaps-rev	yes	3	3	0	ok	3	3	0
t5328-commit-graph-64bit-time	yes	5	5	0	ok	5	5	0
t5329-pack-objects-cruft	yes	4	4	0	ok	4	4	0
t5330-no-lazy-fetch-with-commit-graph	yes	6	6	0	ok	6	6	0
t5331-pack-objects-stdin	yes	5	5	0	ok	5	5	0
t5332-multi-pack-reuse	yes	5	5	0	ok	5	5	0
t5333-pseudo-merge-bitmaps	yes	3	3	0	ok	3	3	0
t5334-incremental-multi-pack-index	yes	3	3	0	ok	3	3	0
t5335-compact-multi-pack-index	yes	3	3	0	ok	3	3	0
t5351-unpack-large-objects	yes	3	3	0	ok	3	3	0
t5400-send-pack	yes	4	4	0	ok	4	4	0
t5401-update-hooks	yes	3	3	0	ok	3	3	0
t5402-post-merge-hook	yes	3	3	0	ok	3	3	0
t5403-post-checkout-hook	yes	4	4	0	ok	4	4	0
t5404-tracking-branches	yes	2	2	0	ok	2	2	0
t5405-send-pack-rewind	yes	3	3	0	ok	3	3	0
t5406-remote-rejects	yes	3	3	0	ok	3	3	0
t5407-post-rewrite-hook	yes	3	3	0	ok	3	3	0
t5408-send-pack-stdin	yes	2	2	0	ok	2	2	0
t5409-colorize-remote-messages	yes	2	2	0	ok	2	2	0
t5410-receive-pack	yes	5	5	0	ok	5	5	0
t5411-proc-receive-hook	yes	3	2	1	ok	2	3	0
t5500-fetch-pack	yes	5	5	0	ok	5	5	0
t5501-fetch-push-alternates	yes	3	3	0	ok	3	3	0
t5502-quickfetch	yes	4	4	0	ok	4	4	0
t5503-tagfollow	yes	6	6	0	ok	6	6	0
t5504-fetch-receive-strict	yes	3	3	0	ok	3	3	0
t5505-remote	yes	12	12	0	ok	12	12	0
t5506-remote-groups	yes	6	6	0	ok	6	6	0
t5507-remote-environment	yes	2	2	0	ok	2	2	0
t5509-fetch-push-namespaces	yes	3	3	0	ok	3	3	0
t5510-fetch	yes	9	9	0	ok	9	9	0
t5511-refspec	yes	6	6	0	ok	6	6	0
t5512-ls-remote	yes	7	7	0	ok	7	7	0
t5514-fetch-multiple	yes	5	5	0	ok	5	5	0
t5515-fetch-merge-logic	yes	3	3	0	ok	3	3	0
t5516-fetch-push	yes	7	7	0	ok	7	7	0
t5517-push-mirror	yes	4	4	0	ok	4	4	0
t5518-fetch-exit-status	yes	2	2	0	ok	2	2	0
t5519-push-alternates	yes	3	3	0	ok	3	3	0
t5520-pull	yes	6	6	0	ok	6	6	0
t5521-pull-options	yes	5	5	0	ok	5	5	0
t5522-pull-symlink	yes	2	2	0	ok	2	2	0
t5523-push-upstream	yes	4	4	0	ok	4	4	0
t5524-pull-msg	yes	2	2	0	ok	2	2	0
t5525-fetch-tagopt	yes	3	3	0	ok	3	3	0
t5526-fetch-submodules	yes	3	3	0	ok	3	3	0
t5527-fetch-odd-refs	yes	3	3	0	ok	3	3	0
t5528-push-default	yes	4	4	0	ok	4	4	0
t5529-push-errors	yes	3	3	0	ok	3	3	0
t5530-upload-pack-error	yes	3	3	0	ok	3	3	0
t5531-deep-submodule-push	yes	3	3	0	ok	3	3	0
t5532-fetch-proxy	yes	3	3	0	ok	2	2	1
t5533-push-cas	yes	7	7	0	ok	7	7	0
t5534-push-signed	yes	4	4	0	ok	4	4	0
t5535-fetch-push-symref	yes	3	3	0	ok	3	3	0
t5536-fetch-conflicts	yes	3	3	0	ok	3	3	0
t5537-fetch-shallow	yes	7	7	0	ok	6	6	1
t5538-push-shallow	yes	4	4	0	ok	4	4	0
t5539-fetch-http-shallow	yes	0	0	0	ok	0	0	0
t5540-http-push-webdav	yes	0	0	0	ok	0	0	0
t5541-http-push-smart	yes	0	0	0	ok	0	0	0
t5542-push-http-shallow	yes	0	0	0	ok	0	0	0
t5543-atomic-push	yes	8	8	0	ok	8	8	0
t5544-pack-objects-hook	yes	4	4	0	ok	3	3	1
t5545-push-options	yes	5	5	0	ok	5	5	0
t5546-receive-limits	yes	3	3	0	ok	3	3	0
t5547-push-quarantine	yes	6	6	0	ok	6	6	0
t5548-push-porcelain	yes	6	6	0	ok	6	6	0
t5549-fetch-push-http	yes	0	0	0	ok	0	0	0
t5550-http-fetch-dumb	yes	12	12	0	ok	12	12	0
t5551-http-fetch-smart	yes	0	0	0	ok	0	0	0
t5552-skipping-fetch-negotiator	yes	0	0	0	ok	0	0	0
t5553-set-upstream	yes	4	4	0	ok	4	4	0
t5554-noop-fetch-negotiator	yes	0	0	0	ok	0	0	0
t5555-http-smart-common	yes	0	0	0	ok	0	0	0
t5557-http-get	yes	0	0	0	ok	0	0	0
t5558-clone-bundle-uri	yes	0	0	0	ok	0	0	0
t5560-http-backend-noserver	yes	14	14	0	ok	14	14	0
t5561-http-backend	yes	0	0	0	ok	0	0	0
t5562-http-backend-content-length	yes	0	0	0	ok	0	0	0
t5563-simple-http-auth	yes	0	0	0	ok	0	0	0
t5564-http-proxy	yes	0	0	0	ok	0	0	0
t5565-push-multiple	yes	2	2	0	ok	2	2	0
t5570-git-daemon	yes	0	0	0	ok	0	0	0
t5571-pre-push-hook	yes	5	5	0	ok	5	5	0
t5572-pull-submodule	yes	4	4	0	ok	3	3	1
t5573-pull-verify-signatures	yes	3	3	0	ok	3	3	0
t5574-fetch-output	yes	7	7	0	ok	7	7	0
t5580-unc-paths	yes	0	0	0	ok	0	0	0
t5581-http-curl-verbose	yes	0	0	0	ok	0	0	0
t5582-fetch-negative-refspec	yes	6	6	0	ok	6	6	0
t5583-push-branches	yes	9	9	0	ok	9	9	0
t5600-clone-fail-cleanup	yes	6	6	0	ok	6	6	0
t5601-clone	yes	13	13	0	ok	13	13	0
t5602-clone-remote-exec	yes	3	3	0	ok	3	3	0
t5603-clone-dirname	yes	5	5	0	ok	5	5	0
t5604-clone-reference	yes	6	6	0	ok	6	6	0
t5605-clone-local	yes	7	7	0	ok	7	7	0
t5606-clone-options	yes	7	7	0	ok	7	7	0
t5607-clone-bundle	yes	5	5	0	ok	5	5	0
t5608-clone-2gb	yes	0	0	0	ok	0	0	0
t5609-clone-branch	yes	6	6	0	ok	6	6	0
t5610-clone-detached	yes	7	7	0	ok	7	7	0
t5611-clone-config	yes	5	5	0	ok	5	5	0
t5612-clone-refspec	yes	4	4	0	ok	4	4	0
t5613-info-alternate	yes	9	9	0	ok	9	9	0
t5614-clone-submodules-shallow	yes	3	3	0	ok	3	3	0
t5615-alternate-env	yes	5	5	0	ok	5	5	0
t5616-partial-clone	yes	3	3	0	ok	3	3	0
t5617-clone-submodules-remote	yes	4	4	0	ok	4	4	0
t5618-alternate-refs	yes	3	3	0	ok	3	3	0
t5619-clone-local-ambiguous-transport	yes	3	3	0	ok	3	3	0
t5620-backfill	yes	3	3	0	ok	3	3	0
t5621-clone-revision	yes	6	6	0	ok	6	6	0
t5700-protocol-v1	yes	4	4	0	ok	4	4	0
t5701-git-serve	yes	25	25	0	ok	25	25	0
t5702-protocol-v2	yes	5	5	0	ok	5	5	0
t5703-upload-pack-ref-in-want	yes	2	2	0	ok	2	2	0
t5704-protocol-violations	yes	2	0	2	ok	0	2	0
t5705-session-id-in-capabilities	yes	2	0	2	ok	0	2	0
t5710-promisor-remote-capability	yes	2	0	2	ok	0	2	0
t5750-bundle-uri-parse	yes	13	0	13	ok	0	13	0
t5801-remote-helpers	yes	0	0	0	ok	0	0	0
t5802-connect-helper	yes	2	0	2	ok	0	2	0
t5810-proto-disable-local	yes	5	5	0	ok	5	5	0
t5811-proto-disable-git	yes	2	2	0	ok	2	2	0
t5812-proto-disable-http	yes	4	4	0	ok	4	4	0
t5813-proto-disable-ssh	yes	2	2	0	ok	2	2	0
t5814-proto-disable-ext	yes	2	2	0	ok	2	2	0
t5815-submodule-protos	yes	2	2	0	ok	2	2	0
t5900-repo-selection	yes	5	5	0	ok	5	5	0
t6000-rev-list-misc	yes	22	22	0	ok	22	22	0
t6001-rev-list-graft	yes	3	3	0	ok	3	3	0
t6002-rev-list-bisect	yes	2	2	0	ok	2	2	0
t6003-rev-list-topo-order	yes	25	25	0	ok	25	25	0
t6004-rev-list-path-optim	yes	4	4	0	ok	4	4	0
t6005-rev-list-count	yes	20	20	0	ok	20	20	0
t6006-rev-list-format	yes	67	67	0	ok	67	67	0
t6007-rev-list-cherry-pick-file	yes	3	3	0	ok	3	3	0
t6008-rev-list-submodule	yes	2	2	0	ok	2	2	0
t6009-rev-list-parent	yes	10	10	0	ok	10	10	0
t6010-merge-base	yes	40	40	0	ok	40	40	0
t6011-rev-list-with-bad-commit	yes	2	2	0	ok	2	2	0
t6012-rev-list-simplify	yes	24	24	0	ok	24	24	0
t6013-rev-list-reverse-parents	yes	9	9	0	ok	9	9	0
t6014-rev-list-all	yes	8	8	0	ok	8	8	0
t6016-rev-list-graph-simplify-history	yes	32	32	0	ok	32	32	0
t6017-rev-list-stdin	yes	15	15	0	ok	15	15	0
t6018-rev-list-glob	yes	12	12	0	ok	12	12	0
t6019-rev-list-ancestry-path	yes	7	7	0	ok	7	7	0
t6020-bundle-misc	yes	12	12	0	ok	12	12	0
t6021-rev-list-exclude-hidden	yes	5	5	0	ok	5	5	0
t6022-rev-list-missing	yes	7	7	0	ok	7	7	0
t6030-bisect-porcelain	yes	15	15	0	ok	15	15	0
t6040-tracking-info	yes	22	22	0	ok	22	22	0
t6050-replace	yes	13	13	0	ok	13	13	0
t6060-merge-index	yes	3	3	0	ok	3	3	0
t6100-rev-list-in-order	yes	27	27	0	ok	27	27	0
t6101-rev-parse-parents	yes	31	31	0	ok	31	31	0
t6102-rev-list-unexpected-objects	yes	5	5	0	ok	5	5	0
t6110-rev-list-sparse	yes	2	2	0	ok	2	2	0
t6112-rev-list-filters-objects	yes	24	24	0	ok	24	24	0
t6113-rev-list-bitmap-filters	yes	6	6	0	ok	6	6	0
t6114-keep-packs	yes	4	4	0	ok	4	4	0
t6115-rev-list-du	yes	5	5	0	ok	5	5	0
t6120-describe	yes	18	18	0	ok	18	18	0
t6130-pathspec-noglob	yes	27	27	0	ok	27	27	0
t6131-pathspec-icase	yes	29	29	0	ok	29	29	0
t6132-pathspec-exclude	yes	4	4	0	ok	4	4	0
t6133-pathspec-rev-dwim	yes	4	4	0	ok	4	4	0
t6134-pathspec-in-submodule	yes	2	2	0	ok	2	2	0
t6135-pathspec-with-attrs	yes	3	3	0	ok	3	3	0
t6136-pathspec-in-bare	yes	3	3	0	ok	3	3	0
t6137-pathspec-wildcards-literal	yes	4	4	0	ok	4	4	0
t6200-fmt-merge-msg	yes	5	5	0	ok	5	5	0
t6300-for-each-ref	yes	276	270	6	ok	270	276	0
t6301-for-each-ref-errors	yes	5	5	0	ok	5	5	0
t6302-for-each-ref-filter	yes	51	51	0	ok	51	51	0
t6400-merge-df	yes	4	4	0	ok	4	4	0
t6401-merge-criss-cross	yes	3	3	0	ok	3	3	0
t6402-merge-rename	yes	22	22	0	ok	22	22	0
t6403-merge-file	yes	40	40	0	ok	40	40	0
t6404-recursive-merge	yes	4	4	0	ok	4	4	0
t6405-merge-symlinks	yes	3	3	0	ok	3	3	0
t6406-merge-attr	yes	2	2	0	ok	2	2	0
t6408-merge-up-to-date	yes	4	4	0	ok	4	4	0
t6409-merge-subtree	yes	2	2	0	ok	2	2	0
t6411-merge-filemode	yes	3	3	0	ok	3	3	0
t6412-merge-large-rename	yes	5	5	0	ok	5	5	0
t6413-merge-crlf	yes	3	3	0	ok	3	3	0
t6414-merge-rename-nocruft	yes	2	2	0	ok	2	2	0
t6415-merge-dir-to-symlink	yes	3	3	0	ok	3	3	0
t6416-recursive-corner-cases	yes	6	6	0	ok	6	6	0
t6417-merge-ours-theirs	yes	2	2	0	ok	2	2	0
t6418-merge-text-auto	yes	4	4	0	ok	4	4	0
t6419-merge-ignorecase	yes	0	0	0	ok	0	0	0
t6421-merge-partial-clone	yes	3	3	0	ok	3	3	0
t6422-merge-rename-corner-cases	yes	5	5	0	ok	5	5	0
t6423-merge-rename-directories	yes	4	4	0	ok	4	4	0
t6424-merge-unrelated-index-changes	yes	6	6	0	ok	6	6	0
t6425-merge-rename-delete	yes	2	2	0	ok	2	2	0
t6426-merge-skip-unneeded-updates	yes	3	3	0	ok	3	3	0
t6427-diff3-conflict-markers	yes	4	4	0	ok	4	4	0
t6428-merge-conflicts-sparse	yes	3	3	0	ok	3	3	0
t6429-merge-sequence-rename-caching	yes	3	3	0	ok	3	3	0
t6430-merge-recursive	yes	5	5	0	ok	5	5	0
t6431-merge-criscross	yes	3	3	0	ok	3	3	0
t6432-merge-recursive-space-options	yes	4	4	0	ok	4	4	0
t6433-merge-toplevel	yes	5	5	0	ok	5	5	0
t6434-merge-recursive-rename-options	yes	6	6	0	ok	6	6	0
t6435-merge-sparse	yes	6	6	0	ok	6	6	0
t6436-merge-overwrite	yes	4	4	0	ok	4	4	0
t6437-submodule-merge	yes	2	2	0	ok	2	2	0
t6439-merge-co-error-msgs	yes	3	3	0	ok	3	3	0
t6500-gc	yes	20	20	0	ok	20	20	0
t6501-freshen-objects	yes	7	7	0	ok	7	7	0
t6600-test-reach	yes	7	7	0	ok	7	7	0
t6601-path-walk	yes	7	7	0	ok	7	7	0
t6700-tree-depth	yes	7	7	0	ok	7	7	0
t7001-mv	yes	115	115	0	ok	115	115	0
t7002-mv-sparse-checkout	yes	6	6	0	ok	6	6	0
t7003-filter-branch	yes	3	3	0	ok	3	3	0
t7004-tag	yes	357	357	0	ok	357	357	0
t7005-editor	yes	2	2	0	ok	2	2	0
t7006-pager	yes	21	21	0	ok	21	21	0
t7007-show	yes	92	92	0	ok	92	92	0
t7008-filter-branch-null-sha1	yes	4	4	0	ok	4	4	0
t7010-setup	yes	31	31	0	ok	31	31	0
t7011-skip-worktree-reading	yes	7	7	0	ok	7	7	0
t7012-skip-worktree-writing	yes	5	5	0	ok	5	5	0
t7030-verify-tag	yes	29	29	0	ok	29	29	0
t7031-verify-tag-signed-ssh	yes	15	15	0	ok	15	15	0
t7060-wtstatus	yes	11	11	0	ok	11	11	0
t7061-wtstatus-ignore	yes	6	6	0	ok	6	6	0
t7062-wtstatus-ignorecase	yes	2	2	0	ok	2	2	0
t7063-status-untracked-cache	yes	28	28	0	ok	28	28	0
t7064-wtstatus-pv2	yes	9	9	0	ok	9	9	0
t7101-reset-empty-subdirs	yes	15	15	0	ok	15	15	0
t7102-reset	yes	85	85	0	ok	85	85	0
t7103-reset-bare	yes	23	23	0	ok	23	23	0
t7104-reset-hard	yes	25	25	0	ok	25	25	0
t7105-reset-patch	yes	5	5	0	ok	5	5	0
t7106-reset-unborn-branch	yes	11	11	0	ok	11	11	0
t7107-reset-pathspec-file	yes	4	4	0	ok	4	4	0
t7110-reset-merge	yes	7	7	0	ok	7	7	0
t7111-reset-table	yes	30	30	0	ok	30	30	0
t7113-post-index-change-hook	yes	4	4	0	ok	4	4	0
t7201-co	yes	21	21	0	ok	21	21	0
t7300-clean	yes	12	12	0	ok	12	12	0
t7301-clean-interactive	yes	5	5	0	ok	5	5	0
t7400-submodule-basic	yes	4	4	0	ok	4	4	0
t7401-submodule-summary	yes	2	2	0	ok	2	2	0
t7402-submodule-rebase	yes	2	2	0	ok	2	2	0
t7403-submodule-sync	yes	2	2	0	ok	2	2	0
t7406-submodule-update	yes	5	5	0	ok	5	5	0
t7407-submodule-foreach	yes	6	6	0	ok	6	6	0
t7408-submodule-reference	yes	2	2	0	ok	2	2	0
t7409-submodule-detached-work-tree	yes	2	2	0	ok	2	2	0
t7411-submodule-config	yes	4	4	0	ok	4	4	0
t7412-submodule-absorbgitdirs	yes	2	2	0	ok	2	2	0
t7413-submodule-is-active	yes	3	3	0	ok	3	3	0
t7414-submodule-mistakes	yes	6	6	0	ok	6	6	0
t7416-submodule-dash-url	yes	4	4	0	ok	4	4	0
t7417-submodule-path-url	yes	3	3	0	ok	3	3	0
t7418-submodule-sparse-gitmodules	yes	3	3	0	ok	3	3	0
t7419-submodule-set-branch	yes	2	2	0	ok	2	2	0
t7420-submodule-set-url	yes	2	2	0	ok	2	2	0
t7421-submodule-summary-add	yes	2	2	0	ok	2	2	0
t7422-submodule-output	yes	3	3	0	ok	3	3	0
t7423-submodule-symlinks	yes	2	2	0	ok	2	2	0
t7424-submodule-mixed-ref-formats	yes	2	2	0	ok	2	2	0
t7425-submodule-gitdir-path-extension	yes	3	3	0	ok	3	3	0
t7426-submodule-get-default-remote	yes	14	14	0	ok	14	14	0
t7450-bad-git-dotfiles	yes	4	4	0	ok	4	4	0
t7500-commit-template-squash-signoff	yes	53	53	0	ok	53	53	0
t7501-commit-basic-functionality	yes	11	11	0	ok	11	11	0
t7502-commit-porcelain	yes	64	64	0	ok	64	64	0
t7503-pre-commit-and-pre-merge-commit-hooks	yes	3	3	0	ok	3	3	0
t7504-commit-msg-hook	yes	3	3	0	ok	3	3	0
t7505-prepare-commit-msg-hook	yes	5	5	0	ok	5	5	0
t7506-status-submodule	yes	5	5	0	ok	5	5	0
t7507-commit-verbose	yes	13	13	0	ok	13	13	0
t7508-status	yes	214	214	0	ok	214	214	0
t7509-commit-authorship	yes	22	22	0	ok	22	22	0
t7510-signed-commit	yes	17	17	0	ok	17	17	0
t7511-status-index	yes	24	24	0	ok	24	24	0
t7512-status-help	yes	55	55	0	ok	55	55	0
t7513-interpret-trailers	yes	12	12	0	ok	12	12	0
t7514-commit-patch	yes	3	3	0	ok	3	3	0
t7515-status-symlinks	yes	3	3	0	ok	3	3	0
t7516-commit-races	yes	5	5	0	ok	5	5	0
t7517-per-repo-email	yes	8	8	0	ok	8	8	0
t7518-ident-corner-cases	yes	2	2	0	ok	2	2	0
t7519-status-fsmonitor	yes	7	7	0	ok	7	7	0
t7520-ignored-hook-warning	yes	5	5	0	ok	5	5	0
t7521-ignored-mode	yes	3	3	0	ok	3	3	0
t7524-commit-summary	yes	3	3	0	ok	3	3	0
t7525-status-rename	yes	3	3	0	ok	3	3	0
t7526-commit-pathspec-file	yes	6	6	0	ok	6	6	0
t7527-builtin-fsmonitor	yes	9	9	0	ok	9	9	0
t7528-signed-commit-ssh	yes	12	12	0	ok	12	12	0
t7600-merge	yes	12	12	0	ok	12	12	0
t7601-merge-pull-config	yes	2	2	0	ok	2	2	0
t7602-merge-octopus-many	yes	8	8	0	ok	8	8	0
t7603-merge-reduce-heads	yes	5	5	0	ok	5	5	0
t7604-merge-custom-message	yes	2	2	0	ok	2	2	0
t7605-merge-resolve	yes	3	3	0	ok	3	3	0
t7606-merge-custom	yes	4	4	0	ok	4	4	0
t7607-merge-state	yes	3	3	0	ok	3	3	0
t7608-merge-messages	yes	3	3	0	ok	3	3	0
t7609-mergetool--lib	yes	3	3	0	ok	3	3	0
t7610-mergetool	yes	6	6	0	ok	6	6	0
t7611-merge-abort	yes	3	3	0	ok	3	3	0
t7612-merge-verify-signatures	yes	3	3	0	ok	3	3	0
t7614-merge-signoff	yes	3	3	0	ok	3	3	0
t7615-diff-algo-with-mergy-operations	yes	4	4	0	ok	4	4	0
t7700-repack	yes	9	9	0	ok	9	9	0
t7701-repack-unpack-unreachable	yes	7	7	0	ok	7	7	0
t7702-repack-cyclic-alternate	yes	3	3	0	ok	3	3	0
t7703-repack-geometric	yes	5	5	0	ok	5	5	0
t7704-repack-cruft	yes	5	5	0	ok	5	5	0
t7800-difftool	yes	9	9	0	ok	9	9	0
t7810-grep	yes	8	8	0	ok	8	8	0
t7811-grep-open	yes	8	8	0	ok	8	8	0
t7812-grep-icase-non-ascii	yes	6	6	0	ok	6	6	0
t7813-grep-icase-iso	yes	3	3	0	ok	3	3	0
t7814-grep-recurse-submodules	yes	7	7	0	ok	7	7	0
t7815-grep-binary	yes	3	3	0	ok	3	3	0
t7816-grep-binary-pattern	yes	6	6	0	ok	6	6	0
t7817-grep-sparse-checkout	yes	6	6	0	ok	6	6	0
t7900-maintenance	yes	8	8	0	ok	8	8	0
t8001-annotate	yes	6	6	0	ok	6	6	0
t8002-blame	yes	10	10	0	ok	10	10	0
t8003-blame-corner-cases	yes	11	11	0	ok	11	11	0
t8004-blame-with-conflicts	yes	3	3	0	ok	3	3	0
t8005-blame-i18n	yes	5	5	0	ok	5	5	0
t8006-blame-textconv	yes	4	4	0	ok	4	4	0
t8007-cat-file-textconv	yes	9	9	0	ok	9	9	0
t8008-blame-formats	yes	6	6	0	ok	6	6	0
t8009-blame-vs-topicbranches	yes	4	4	0	ok	4	4	0
t8010-cat-file-filters	yes	7	7	0	ok	7	7	0
t8011-blame-split-file	yes	4	4	0	ok	4	4	0
t8012-blame-colors	yes	4	4	0	ok	4	4	0
t8013-blame-ignore-revs	yes	4	4	0	ok	4	4	0
t8014-blame-ignore-fuzzy	yes	4	4	0	ok	4	4	0
t8015-blame-diff-algorithm	yes	3	3	0	ok	3	3	0
t8020-last-modified	yes	3	3	0	ok	3	3	0
t9001-send-email	yes	15	15	0	ok	15	15	0
t9002-column	yes	13	13	0	ok	13	13	0
t9003-help-autocorrect	yes	6	6	0	ok	6	6	0
t9100-git-svn-basic	yes	0	0	0	ok	0	0	0
t9101-git-svn-props	yes	0	0	0	ok	0	0	0
t9102-git-svn-deep-rmdir	yes	0	0	0	ok	0	0	0
t9103-git-svn-tracked-directory-removed	yes	0	0	0	ok	0	0	0
t9104-git-svn-follow-parent	yes	0	0	0	ok	0	0	0
t9105-git-svn-commit-diff	yes	0	0	0	ok	0	0	0
t9106-git-svn-commit-diff-clobber	yes	0	0	0	ok	0	0	0
t9107-git-svn-migrate	yes	0	0	0	ok	0	0	0
t9108-git-svn-glob	yes	0	0	0	ok	0	0	0
t9109-git-svn-multi-glob	yes	0	0	0	ok	0	0	0
t9110-git-svn-use-svm-props	yes	0	0	0	ok	0	0	0
t9111-git-svn-use-svnsync-props	yes	0	0	0	ok	0	0	0
t9112-git-svn-md5less-file	yes	0	0	0	ok	0	0	0
t9113-git-svn-dcommit-new-file	yes	0	0	0	ok	0	0	0
t9114-git-svn-dcommit-merge	yes	0	0	0	ok	0	0	0
t9115-git-svn-dcommit-funky-renames	yes	0	0	0	ok	0	0	0
t9116-git-svn-log	yes	0	0	0	ok	0	0	0
t9117-git-svn-init-clone	yes	0	0	0	ok	0	0	0
t9118-git-svn-funky-branch-names	yes	0	0	0	ok	0	0	0
t9119-git-svn-info	yes	0	0	0	ok	0	0	0
t9120-git-svn-clone-with-percent-escapes	yes	0	0	0	ok	0	0	0
t9121-git-svn-fetch-renamed-dir	yes	0	0	0	ok	0	0	0
t9122-git-svn-author	yes	0	0	0	ok	0	0	0
t9123-git-svn-rebuild-with-rewriteroot	yes	0	0	0	ok	0	0	0
t9124-git-svn-dcommit-auto-props	yes	0	0	0	ok	0	0	0
t9125-git-svn-multi-glob-branch-names	yes	0	0	0	ok	0	0	0
t9126-git-svn-follow-deleted-readded-directory	yes	0	0	0	ok	0	0	0
t9127-git-svn-partial-rebuild	yes	0	0	0	ok	0	0	0
t9128-git-svn-cmd-branch	yes	0	0	0	ok	0	0	0
t9129-git-svn-i18n-commitencoding	yes	0	0	0	ok	0	0	0
t9130-git-svn-authors-file	yes	0	0	0	ok	0	0	0
t9131-git-svn-empty-symlink	yes	0	0	0	ok	0	0	0
t9132-git-svn-broken-symlink	yes	0	0	0	ok	0	0	0
t9133-git-svn-nested-git-repo	yes	0	0	0	ok	0	0	0
t9134-git-svn-ignore-paths	yes	0	0	0	ok	0	0	0
t9135-git-svn-moved-branch-empty-file	yes	0	0	0	ok	0	0	0
t9136-git-svn-recreated-branch-empty-file	yes	0	0	0	ok	0	0	0
t9137-git-svn-dcommit-clobber-series	yes	0	0	0	ok	0	0	0
t9138-git-svn-authors-prog	yes	0	0	0	ok	0	0	0
t9139-git-svn-non-utf8-commitencoding	yes	0	0	0	ok	0	0	0
t9140-git-svn-reset	yes	0	0	0	ok	0	0	0
t9141-git-svn-multiple-branches	yes	0	0	0	ok	0	0	0
t9142-git-svn-shallow-clone	yes	0	0	0	ok	0	0	0
t9143-git-svn-gc	yes	0	0	0	ok	0	0	0
t9144-git-svn-old-rev_map	yes	0	0	0	ok	0	0	0
t9145-git-svn-master-branch	yes	0	0	0	ok	0	0	0
t9146-git-svn-empty-dirs	yes	0	0	0	ok	0	0	0
t9147-git-svn-include-paths	yes	0	0	0	ok	0	0	0
t9148-git-svn-propset	yes	0	0	0	ok	0	0	0
t9150-svk-mergetickets	yes	0	0	0	ok	0	0	0
t9151-svn-mergeinfo	yes	0	0	0	ok	0	0	0
t9152-svn-empty-dirs-after-gc	yes	0	0	0	ok	0	0	0
t9153-git-svn-rewrite-uuid	yes	0	0	0	ok	0	0	0
t9154-git-svn-fancy-glob	yes	0	0	0	ok	0	0	0
t9155-git-svn-fetch-deleted-tag	yes	0	0	0	ok	0	0	0
t9156-git-svn-fetch-deleted-tag-2	yes	0	0	0	ok	0	0	0
t9157-git-svn-fetch-merge	yes	0	0	0	ok	0	0	0
t9158-git-svn-mergeinfo	yes	0	0	0	ok	0	0	0
t9159-git-svn-no-parent-mergeinfo	yes	0	0	0	ok	0	0	0
t9160-git-svn-preserve-empty-dirs	yes	0	0	0	ok	0	0	0
t9161-git-svn-mergeinfo-push	yes	0	0	0	ok	0	0	0
t9162-git-svn-dcommit-interactive	yes	0	0	0	ok	0	0	0
t9163-git-svn-reset-clears-caches	yes	0	0	0	ok	0	0	0
t9164-git-svn-dcommit-concurrent	yes	0	0	0	ok	0	0	0
t9165-git-svn-fetch-merge-branch-of-branch	yes	0	0	0	ok	0	0	0
t9166-git-svn-fetch-merge-branch-of-branch2	yes	0	0	0	ok	0	0	0
t9167-git-svn-cmd-branch-subproject	yes	0	0	0	ok	0	0	0
t9168-git-svn-partially-globbed-names	yes	0	0	0	ok	0	0	0
t9169-git-svn-dcommit-crlf	yes	0	0	0	ok	0	0	0
t9200-git-cvsexportcommit	yes	0	0	0	ok	0	0	0
t9210-scalar	yes	19	19	0	ok	19	19	0
t9211-scalar-clone	yes	0	0	0	ok	0	0	0
t9300-fast-import	yes	0	0	0	timeout	0	0	0
t9301-fast-import-notes	yes	17	8	9	ok	8	17	0
t9302-fast-import-unpack-limit	yes	3	3	0	ok	3	3	0
t9303-fast-import-compression	yes	16	16	0	ok	16	16	0
t9304-fast-import-marks	yes	8	7	1	ok	7	8	0
t9305-fast-import-signatures	yes	21	21	0	ok	1	1	20
t9306-fast-import-signed-tags	yes	11	11	0	ok	10	10	1
t9350-fast-export	yes	79	79	0	ok	54	54	25
t9351-fast-export-anonymize	yes	17	15	2	ok	15	17	0
t9400-git-cvsserver-server	yes	0	0	0	ok	0	0	0
t9401-git-cvsserver-crlf	yes	0	0	0	ok	0	0	0
t9402-git-cvsserver-refs	yes	0	0	0	ok	0	0	0
t9500-gitweb-standalone-no-errors	yes	0	0	0	ok	0	0	0
t9501-gitweb-standalone-http-status	yes	0	0	0	ok	0	0	0
t9502-gitweb-standalone-parse-output	yes	0	0	0	ok	0	0	0
t9600-cvsimport	yes	0	0	0	ok	0	0	0
t9601-cvsimport-vendor-branch	yes	0	0	0	ok	0	0	0
t9602-cvsimport-branches-tags	yes	0	0	0	ok	0	0	0
t9604-cvsimport-timestamps	yes	0	0	0	ok	0	0	0
t9700-perl-git	yes	0	0	0	ok	0	0	0
t9800-git-p4-basic	yes	0	0	0	ok	0	0	0
t9801-git-p4-branch	yes	0	0	0	ok	0	0	0
t9802-git-p4-filetype	yes	0	0	0	ok	0	0	0
t9803-git-p4-shell-metachars	yes	0	0	0	ok	0	0	0
t9804-git-p4-label	yes	0	0	0	ok	0	0	0
t9805-git-p4-skip-submit-edit	yes	0	0	0	ok	0	0	0
t9806-git-p4-options	yes	0	0	0	ok	0	0	0
t9807-git-p4-submit	yes	0	0	0	ok	0	0	0
t9808-git-p4-chdir	yes	0	0	0	ok	0	0	0
t9809-git-p4-client-view	yes	0	0	0	ok	0	0	0
t9810-git-p4-rcs	yes	0	0	0	ok	0	0	0
t9811-git-p4-label-import	yes	0	0	0	ok	0	0	0
t9812-git-p4-wildcards	yes	0	0	0	ok	0	0	0
t9813-git-p4-preserve-users	yes	0	0	0	ok	0	0	0
t9814-git-p4-rename	yes	0	0	0	ok	0	0	0
t9815-git-p4-submit-fail	yes	0	0	0	ok	0	0	0
t9816-git-p4-locked	yes	0	0	0	ok	0	0	0
t9817-git-p4-exclude	yes	0	0	0	ok	0	0	0
t9818-git-p4-block	yes	0	0	0	ok	0	0	0
t9819-git-p4-case-folding	yes	0	0	0	ok	0	0	0
t9820-git-p4-editor-handling	yes	0	0	0	ok	0	0	0
t9821-git-p4-path-variations	yes	0	0	0	ok	0	0	0
t9822-git-p4-path-encoding	yes	0	0	0	ok	0	0	0
t9823-git-p4-mock-lfs	yes	0	0	0	ok	0	0	0
t9824-git-p4-git-lfs	yes	0	0	0	ok	0	0	0
t9825-git-p4-handle-utf16-without-bom	yes	0	0	0	ok	0	0	0
t9826-git-p4-keep-empty-commits	yes	0	0	0	ok	0	0	0
t9827-git-p4-change-filetype	yes	0	0	0	ok	0	0	0
t9828-git-p4-map-user	yes	0	0	0	ok	0	0	0
t9829-git-p4-jobs	yes	0	0	0	ok	0	0	0
t9830-git-p4-symlink-dir	yes	0	0	0	ok	0	0	0
t9831-git-p4-triggers	yes	0	0	0	ok	0	0	0
t9832-unshelve	yes	0	0	0	ok	0	0	0
t9833-errors	yes	0	0	0	ok	0	0	0
t9834-git-p4-file-dir-bug	yes	0	0	0	ok	0	0	0
t9835-git-p4-metadata-encoding-python2	yes	0	0	0	ok	0	0	0
t9836-git-p4-metadata-encoding-python3	yes	0	0	0	ok	0	0	0
t9850-shell	yes	0	0	0	ok	0	0	0
t9902-completion	yes	263	256	7	ok	256	263	0
t9903-bash-prompt	yes	67	66	1	ok	66	67	0
