Date,Kind,Model,Max Mode,Input (w/ Cache Write),Input (w/o Cache Write),Cache Read,Output Tokens,Total Tokens,Cost
"2026-04-08T08:52:13.467Z","Included","composer-2-fast","No","0","0","0","0","0","Included"
"2026-04-08T08:49:08.175Z","Included","composer-2-fast","No","0","0","0","0","0","Included"
"2026-04-08T08:48:15.611Z","Included","composer-2-fast","No","0","0","0","0","0","Included"
"2026-04-08T08:42:40.418Z","Included","composer-2-fast","No","0","0","0","0","0","Included"
"2026-04-08T08:42:21.698Z","Included","composer-2-fast","No","0","0","0","0","0","Included"
"2026-04-08T08:33:11.158Z","Included","composer-2-fast","No","0","0","0","0","0","Included"
"2026-04-08T08:31:51.415Z","Included","composer-2-fast","No","0","0","0","0","0","Included"
"2026-04-08T08:30:13.943Z","Included","composer-2-fast","No","0","0","0","0","0","Included"
"2026-04-08T08:28:33.836Z","Included","composer-2-fast","No","0","58","135200","288","135546","Included"
"2026-04-08T08:26:12.109Z","Included","composer-2-fast","No","0","51044","59264","3796","114104","Included"
"2026-04-08T08:19:23.840Z","Included","composer-2-fast","No","0","120264","3784160","11468","3915892","Included"
"2026-04-08T08:19:20.998Z","Included","composer-2-fast","No","0","313260","6373600","43648","6730508","Included"
"2026-04-08T07:22:53.579Z","Included","composer-2-fast","No","0","266837","16854784","52807","17174428","Included"
"2026-04-08T07:17:39.369Z","Included","composer-2-fast","No","0","244311","2203168","19604","2467083","Included"
"2026-04-08T07:16:32.841Z","Included","composer-2-fast","No","0","248276","25118848","101469","25468593","Included"
"2026-04-08T07:16:19.579Z","Included","composer-2","Yes","0","15594","151552","2899","170045","Included"
"2026-04-08T07:16:18.926Z","Included","composer-2","Yes","0","0","0","0","0","Included"
"2026-04-08T07:12:15.510Z","Included","composer-2","Yes","0","40991","652800","5602","699393","Included"
"2026-04-08T07:12:14.397Z","Included","composer-2","Yes","0","0","0","0","0","Included"
"2026-04-08T07:06:49.181Z","Included","composer-2-fast","No","0","148709","1517728","2761","1669198","Included"
"2026-04-08T07:03:59.923Z","Included","composer-2","Yes","0","75771","1658880","16924","1751575","Included"
"2026-04-08T07:03:59.340Z","Included","composer-2","Yes","0","0","0","0","0","Included"
"2026-04-08T07:03:48.841Z","Included","composer-2","Yes","0","791341","47954944","348780","49095065","Included"
"2026-04-08T07:03:47.930Z","Included","composer-2","Yes","0","0","0","0","0","Included"
"2026-04-08T06:58:27.294Z","Included","composer-2-fast","No","0","129804","1296864","13974","1440642","Included"
"2026-04-08T06:54:09.385Z","Included","composer-2-fast","No","0","56877","1343584","16010","1416471","Included"
"2026-04-08T06:52:58.832Z","Included","composer-2","Yes","0","21707","231936","3697","257340","Included"
"2026-04-08T06:52:57.540Z","Included","composer-2","Yes","0","0","0","0","0","Included"
"2026-04-08T06:51:31.538Z","Included","composer-2-fast","No","0","2054","224832","2339","229225","Included"
"2026-04-08T06:47:59.668Z","Included","composer-2-fast","No","0","44545","245248","9376","299169","Included"
"2026-04-08T06:46:32.331Z","Included","composer-2-fast","No","0","61451","102400","6160","170011","Included"
"2026-04-08T06:42:37.386Z","Included","composer-2-fast","No","0","69343","338400","7446","415189","Included"
"2026-04-08T06:40:18.331Z","Included","composer-2","Yes","0","38523","762880","8148","809551","Included"
"2026-04-08T06:40:17.590Z","Included","composer-2","Yes","0","0","0","0","0","Included"
"2026-04-08T06:36:33.217Z","Included","composer-2","Yes","0","46532","1033216","9542","1089290","Included"
"2026-04-08T06:36:32.728Z","Included","composer-2","Yes","0","0","0","0","0","Included"
"2026-04-08T06:34:44.902Z","Included","composer-2","Yes","0","1065553","50738176","254459","52058188","Included"
"2026-04-08T06:34:44.201Z","Included","composer-2","Yes","0","0","0","0","0","Included"
"2026-04-08T06:20:36.714Z","Included","composer-2","Yes","0","148650","10120704","97028","10366382","Included"
"2026-04-08T06:20:35.846Z","Included","composer-2","Yes","0","0","0","0","0","Included"
"2026-04-08T06:13:42.445Z","Included","composer-2-fast","No","0","387310","21461376","58132","21906818","Included"
"2026-04-08T06:12:37.064Z","Included","composer-2-fast","No","0","25770","11808","1444","39022","Included"
"2026-04-08T06:09:41.074Z","Included","composer-2-fast","No","0","6134","4960","123","11217","Included"
"2026-04-08T05:57:51.864Z","Included","composer-2","Yes","0","336354","15778304","109712","16224370","Included"
"2026-04-08T05:57:50.752Z","Included","composer-2","Yes","0","0","0","0","0","Included"
"2026-04-08T05:50:25.326Z","Included","composer-2","Yes","0","495835","25911296","175990","26583121","Included"
"2026-04-08T05:50:24.807Z","Included","composer-2","Yes","0","0","0","0","0","Included"
"2026-04-08T05:50:20.651Z","Included","composer-2","Yes","0","1976116","85266944","358430","87601490","Included"
"2026-04-08T05:50:19.586Z","Included","composer-2","Yes","0","0","0","0","0","Included"
"2026-04-08T05:49:23.030Z","Included","composer-2-fast","No","0","88759","361728","4871","455358","Included"
"2026-04-08T05:47:00.182Z","Included","composer-2","Yes","0","27315","273408","4256","304979","Included"
"2026-04-08T05:46:59.262Z","Included","composer-2","Yes","0","0","0","0","0","Included"
"2026-04-08T05:39:58.221Z","Included","composer-2","Yes","0","671785","29959168","161914","30792867","Included"
"2026-04-08T05:39:57.580Z","Included","composer-2","Yes","0","0","0","0","0","Included"
"2026-04-08T05:34:50.723Z","Included","composer-2","Yes","0","135361","6147584","41030","6323975","Included"
"2026-04-08T05:34:50.062Z","Included","composer-2","Yes","0","0","0","0","0","Included"
"2026-04-08T05:17:13.303Z","Included","composer-2","Yes","0","161870","10342912","69505","10574287","Included"
"2026-04-08T05:17:12.661Z","Included","composer-2","Yes","0","0","0","0","0","Included"
"2026-04-08T05:16:17.625Z","Included","composer-2-fast","No","0","83093","283744","6041","372878","Included"
"2026-04-08T05:07:36.001Z","Included","composer-2","Yes","0","759975","42965504","217260","43942739","Included"
"2026-04-08T05:07:34.351Z","Included","composer-2","Yes","0","0","0","0","0","Included"
"2026-04-08T04:41:11.658Z","Included","composer-2","Yes","0","357396","30939136","190419","31486951","Included"
"2026-04-08T04:41:10.751Z","Included","composer-2","Yes","0","0","0","0","0","Included"
"2026-04-08T04:34:55.906Z","Included","composer-2","Yes","0","686484","38569984","219849","39476317","Included"
"2026-04-08T04:34:55.410Z","Included","composer-2","Yes","0","0","0","0","0","Included"
"2026-04-08T04:34:28.155Z","Included","composer-2-fast","No","0","33574","183840","3981","221395","Included"
"2026-04-08T04:32:36.698Z","Included","composer-2","Yes","0","70875","2232832","15254","2318961","Included"
"2026-04-08T04:32:36.167Z","Included","composer-2","Yes","0","0","0","0","0","Included"
"2026-04-08T04:28:46.490Z","Included","composer-2","Yes","0","726382","67013632","310494","68050508","Included"
"2026-04-08T04:28:45.560Z","Included","composer-2","Yes","0","0","0","0","0","Included"
"2026-04-08T04:21:08.919Z","Included","composer-2","Yes","0","98227","3826688","61725","3986640","Included"
"2026-04-08T04:21:08.404Z","Included","composer-2","Yes","0","0","0","0","0","Included"
"2026-04-08T04:20:26.516Z","Included","composer-2-fast","No","0","25965","452544","6500","485009","Included"
"2026-04-08T04:20:01.262Z","Included","composer-2","Yes","0","99642","4481024","54933","4635599","Included"
"2026-04-08T04:20:00.760Z","Included","composer-2","Yes","0","0","0","0","0","Included"
"2026-04-08T04:19:23.399Z","Included","composer-2-fast","No","0","27967","249536","4374","281877","Included"
"2026-04-08T04:18:39.752Z","Included","composer-2","Yes","0","99728","3643904","34204","3777836","Included"
"2026-04-08T04:18:39.251Z","Included","composer-2","Yes","0","0","0","0","0","Included"
"2026-04-08T04:17:58.648Z","Included","composer-2","Yes","0","462652","34954240","214281","35631173","Included"
"2026-04-08T04:17:57.848Z","Included","composer-2","Yes","0","0","0","0","0","Included"
"2026-04-08T04:03:12.354Z","Included","composer-2","Yes","0","109728","5437440","56257","5603425","Included"
"2026-04-08T04:03:11.855Z","Included","composer-2","Yes","0","0","0","0","0","Included"
"2026-04-08T03:59:48.136Z","Included","composer-2","Yes","0","216422","4559872","56821","4833115","Included"
"2026-04-08T03:59:47.615Z","Included","composer-2","Yes","0","0","0","0","0","Included"
"2026-04-08T03:58:03.019Z","Included","composer-2","Yes","0","136438","7579648","86160","7802246","Included"
"2026-04-08T03:58:02.550Z","Included","composer-2","Yes","0","0","0","0","0","Included"
"2026-04-08T03:57:57.652Z","Included","composer-2","Yes","0","107442","5345280","74295","5527017","Included"
"2026-04-08T03:57:56.625Z","Included","composer-2","Yes","0","0","0","0","0","Included"
"2026-04-08T03:56:31.250Z","Included","composer-2-fast","No","0","69298","965280","12103","1046681","Included"
"2026-04-08T03:49:38.110Z","Included","composer-2","Yes","0","71380","2033152","21628","2126160","Included"
"2026-04-08T03:49:37.527Z","Included","composer-2","Yes","0","0","0","0","0","Included"
"2026-04-08T03:48:42.043Z","Included","composer-2-fast","No","0","114053","526912","7075","648040","Included"
"2026-04-08T03:45:05.879Z","Included","composer-2","Yes","0","91953","3288064","40773","3420790","Included"
"2026-04-08T03:45:05.033Z","Included","composer-2","Yes","0","0","0","0","0","Included"
"2026-04-08T03:32:36.655Z","Included","composer-2","Yes","0","121038","2456576","24182","2601796","Included"
"2026-04-08T03:32:35.947Z","Included","composer-2","Yes","0","0","0","0","0","Included"
"2026-04-08T03:31:36.752Z","Included","composer-2-fast","No","0","93989","620448","6512","720949","Included"
"2026-04-08T03:25:09.576Z","Included","composer-2","Yes","0","884268","44122624","301678","45308570","Included"
"2026-04-08T03:25:08.785Z","Included","composer-2","Yes","0","0","0","0","0","Included"
"2026-04-08T03:24:26.733Z","Included","composer-2-fast","No","0","44736","282464","5066","332266","Included"
"2026-04-08T03:10:11.286Z","Included","composer-2","Yes","0","196667","11427840","96087","11720594","Included"
"2026-04-08T03:10:10.752Z","Included","composer-2","Yes","0","0","0","0","0","Included"
"2026-04-08T03:05:53.297Z","Included","composer-2","Yes","0","107351","5073408","47786","5228545","Included"
"2026-04-08T03:05:52.814Z","Included","composer-2","Yes","0","0","0","0","0","Included"
"2026-04-08T03:04:17.677Z","Included","composer-2","Yes","0","46352","588288","9363","644003","Included"
"2026-04-08T03:04:16.863Z","Included","composer-2","Yes","0","0","0","0","0","Included"
"2026-04-08T02:42:43.445Z","Included","composer-2","Yes","0","165539","7126016","76916","7368471","Included"
"2026-04-08T02:42:42.638Z","Included","composer-2","Yes","0","0","0","0","0","Included"
"2026-04-08T02:42:04.055Z","Included","composer-2-fast","No","0","88431","157984","3768","250183","Included"
"2026-04-08T02:30:02.759Z","Included","composer-2","Yes","0","751203","50183168","274212","51208583","Included"
"2026-04-08T02:30:02.191Z","Included","composer-2","Yes","0","0","0","0","0","Included"
"2026-04-08T02:29:22.674Z","Included","composer-2","Yes","0","113493","4452352","64628","4630473","Included"
"2026-04-08T02:29:21.520Z","Included","composer-2","Yes","0","0","0","0","0","Included"
"2026-04-08T02:19:37.723Z","Included","composer-2","Yes","0","97658","3610624","32932","3741214","Included"
"2026-04-08T02:19:36.956Z","Included","composer-2","Yes","0","0","0","0","0","Included"
"2026-04-08T02:10:50.987Z","Included","composer-2","Yes","0","466706","16681984","122442","17271132","Included"
"2026-04-08T02:10:50.070Z","Included","composer-2","Yes","0","0","0","0","0","Included"
"2026-04-08T02:00:55.958Z","Included","composer-2","Yes","0","2590134","83967488","338358","86895980","Included"
"2026-04-08T02:00:55.190Z","Included","composer-2","Yes","0","0","0","0","0","Included"
"2026-04-08T01:43:06.420Z","Included","composer-2","Yes","0","114801","6156288","59667","6330756","Included"
"2026-04-08T01:43:05.957Z","Included","composer-2","Yes","0","0","0","0","0","Included"
"2026-04-08T01:37:58.203Z","Included","composer-2","Yes","0","347454","18148352","139300","18635106","Included"
"2026-04-08T01:37:57.350Z","Included","composer-2","Yes","0","0","0","0","0","Included"
"2026-04-08T01:37:24.593Z","Included","composer-2-fast","No","0","16278","213280","4023","233581","Included"
"2026-04-08T01:24:11.065Z","Included","composer-2","Yes","0","1310009","73737728","371301","75419038","Included"
"2026-04-08T01:24:10.110Z","Included","composer-2","Yes","0","0","0","0","0","Included"
"2026-04-08T01:22:42.835Z","Included","composer-2-fast","No","0","81316","741472","7209","829997","Included"
"2026-04-08T01:16:21.356Z","Included","composer-2","Yes","0","640184","32332288","153115","33125587","Included"
"2026-04-08T01:16:20.765Z","Included","composer-2","Yes","0","0","0","0","0","Included"
"2026-04-08T01:15:43.067Z","Included","composer-2-fast","No","0","68900","309760","4611","383271","Included"
"2026-04-08T01:14:06.773Z","Included","composer-2","Yes","0","378181","29449216","237074","30064471","Included"
"2026-04-08T01:14:05.963Z","Included","composer-2","Yes","0","0","0","0","0","Included"
"2026-04-08T01:08:29.604Z","Included","composer-2","Yes","0","1710942","68085248","369931","70166121","Included"
"2026-04-08T01:08:29.065Z","Included","composer-2","Yes","0","0","0","0","0","Included"
"2026-04-08T01:07:27.378Z","Included","composer-2","Yes","0","359672","16348672","133117","16841461","Included"
"2026-04-08T01:07:26.640Z","Included","composer-2","Yes","0","0","0","0","0","Included"
"2026-04-08T00:34:32.874Z","Included","composer-2","Yes","0","422146","3167232","50599","3639977","Included"
"2026-04-08T00:34:32.021Z","Included","composer-2","Yes","0","0","0","0","0","Included"
"2026-04-08T00:09:10.147Z","Included","composer-2","Yes","0","1756957","2502656","45734","4305347","Included"
"2026-04-08T00:09:09.465Z","Included","composer-2","Yes","0","0","0","0","0","Included"
"2026-04-08T00:03:22.986Z","Included","composer-2","Yes","0","280216","139008","5401","424625","Included"
"2026-04-08T00:03:22.189Z","Included","composer-2","Yes","0","0","0","0","0","Included"
"2026-04-08T00:02:51.472Z","Included","composer-2-fast","No","0","15000","192384","3854","211238","Included"
"2026-04-07T23:42:48.317Z","Included","composer-2","Yes","0","10554022","16082944","175486","26812452","Included"
"2026-04-07T23:42:47.887Z","Included","composer-2","Yes","0","0","0","0","0","Included"
"2026-04-07T23:42:23.073Z","Included","composer-2-fast","No","0","20245","221024","3494","244763","Included"
"2026-04-07T23:41:41.575Z","Included","composer-2","Yes","0","8671490","15441664","207399","24320553","Included"
"2026-04-07T23:41:40.635Z","Included","composer-2","Yes","0","0","0","0","0","Included"
"2026-04-07T23:30:36.007Z","Included","composer-2","Yes","0","1308902","3028224","26870","4363996","Included"
"2026-04-07T23:30:35.155Z","Included","composer-2","Yes","0","0","0","0","0","Included"
"2026-04-07T23:25:49.435Z","Included","composer-2","Yes","0","4546050","12451840","106480","17104370","Included"
"2026-04-07T23:25:48.975Z","Included","composer-2","Yes","0","0","0","0","0","Included"
"2026-04-07T23:22:53.938Z","Included","composer-2","Yes","0","220239","79104","4606","303949","Included"
"2026-04-07T23:22:53.473Z","Included","composer-2","Yes","0","0","0","0","0","Included"
"2026-04-07T23:21:07.310Z","Included","composer-2","Yes","0","164285","41984","3892","210161","Included"
"2026-04-07T23:21:06.528Z","Included","composer-2","Yes","0","0","0","0","0","Included"
"2026-04-07T23:13:59.990Z","Included","composer-2","Yes","0","4303138","2953728","38708","7295574","Included"
"2026-04-07T23:13:59.528Z","Included","composer-2","Yes","0","0","0","0","0","Included"
"2026-04-07T23:12:02.093Z","Included","composer-2","Yes","0","15724","139264","2601","157589","Included"
"2026-04-07T23:12:01.329Z","Included","composer-2","Yes","0","0","0","0","0","Included"
"2026-04-07T23:11:25.800Z","Included","composer-2-fast","No","0","20426","278656","4779","303861","Included"
"2026-04-07T23:08:36.502Z","Included","composer-2","Yes","0","27446967","75904768","263621","103615356","Included"
"2026-04-07T23:08:35.966Z","Included","composer-2","Yes","0","0","0","0","0","Included"
"2026-04-07T23:08:32.049Z","Included","composer-2","Yes","0","31913223","32412672","250786","64576681","Included"
"2026-04-07T23:08:31.444Z","Included","composer-2","Yes","0","0","0","0","0","Included"
"2026-04-07T23:07:49.123Z","Included","composer-2-fast","No","0","18473","221216","5099","244788","Included"
"2026-04-07T23:01:45.934Z","Included","composer-2","Yes","0","56322","1564672","24912","1645906","Included"
"2026-04-07T23:01:45.367Z","Included","composer-2","Yes","0","0","0","0","0","Included"
"2026-04-07T22:58:29.402Z","Included","composer-2","Yes","0","264925","5483008","56356","5804289","Included"
"2026-04-07T22:58:28.563Z","Included","composer-2","Yes","0","0","0","0","0","Included"
"2026-04-07T22:57:31.753Z","Included","composer-2-fast","No","0","59897","507456","9410","576763","Included"
"2026-04-07T22:48:57.147Z","Included","composer-2","Yes","0","140128","6068224","56136","6264488","Included"
"2026-04-07T22:48:56.535Z","Included","composer-2","Yes","0","0","0","0","0","Included"
"2026-04-07T22:42:49.683Z","Included","composer-2","Yes","0","56253","1372160","10090","1438503","Included"
"2026-04-07T22:42:48.960Z","Included","composer-2","Yes","0","0","0","0","0","Included"
"2026-04-07T22:42:17.923Z","Included","composer-2-fast","No","0","21471","127552","4098","153121","Included"
"2026-04-07T22:37:19.682Z","Included","composer-2","Yes","0","133548","7157760","82068","7373376","Included"
"2026-04-07T22:37:19.155Z","Included","composer-2","Yes","0","0","0","0","0","Included"
"2026-04-07T22:37:14.240Z","Included","composer-2","Yes","0","24729984","43489024","311648","68530656","Included"
"2026-04-07T22:37:13.506Z","Included","composer-2","Yes","0","0","0","0","0","Included"
"2026-04-07T22:26:57.742Z","Included","composer-2","Yes","0","55984","1466880","12403","1535267","Included"
"2026-04-07T22:26:57.172Z","Included","composer-2","Yes","0","0","0","0","0","Included"
"2026-04-07T22:22:32.618Z","Included","composer-2","Yes","0","25469","488448","5218","519135","Included"
"2026-04-07T22:22:31.646Z","Included","composer-2","Yes","0","0","0","0","0","Included"
"2026-04-07T22:11:01.746Z","Included","composer-2","Yes","0","200156","12376064","155961","12732181","Included"
"2026-04-07T22:11:01.253Z","Included","composer-2","Yes","0","0","0","0","0","Included"
"2026-04-07T22:09:41.971Z","Included","composer-2","Yes","0","17481","162304","3103","182888","Included"
"2026-04-07T22:09:41.420Z","Included","composer-2","Yes","0","0","0","0","0","Included"
"2026-04-07T22:09:13.355Z","Included","composer-2-fast","No","0","17417","204256","3811","225484","Included"
"2026-04-07T22:08:34.743Z","Included","composer-2","Yes","0","154113","10550784","90942","10795839","Included"
"2026-04-07T22:08:33.894Z","Included","composer-2","Yes","0","0","0","0","0","Included"
"2026-04-07T21:53:45.904Z","Included","composer-2","Yes","0","151873","11506688","121735","11780296","Included"
"2026-04-07T21:53:45.456Z","Included","composer-2","Yes","0","0","0","0","0","Included"
"2026-04-07T21:50:57.980Z","Included","composer-2","Yes","0","322920","20346368","164822","20834110","Included"
"2026-04-07T21:50:56.975Z","Included","composer-2","Yes","0","0","0","0","0","Included"
"2026-04-07T21:42:07.722Z","Included","composer-2","Yes","0","139217","7968256","84617","8192090","Included"
"2026-04-07T21:42:06.929Z","Included","composer-2","Yes","0","0","0","0","0","Included"
"2026-04-07T21:38:01.748Z","Included","composer-2","Yes","0","139995","9956352","49913","10146260","Included"
"2026-04-07T21:38:00.955Z","Included","composer-2","Yes","0","0","0","0","0","Included"
"2026-04-07T21:32:05.661Z","Included","composer-2","Yes","0","70188","2033664","28737","2132589","Included"
"2026-04-07T21:32:04.717Z","Included","composer-2","Yes","0","0","0","0","0","Included"
"2026-04-07T21:29:56.815Z","Included","composer-2-fast","No","0","66305","2332000","16138","2414443","Included"
"2026-04-07T21:27:47.597Z","Included","composer-2","Yes","0","116985","5023744","67584","5208313","Included"
"2026-04-07T21:27:47.038Z","Included","composer-2","Yes","0","0","0","0","0","Included"
"2026-04-07T21:27:42.092Z","Included","composer-2","Yes","0","181021","19532288","141077","19854386","Included"
"2026-04-07T21:27:41.088Z","Included","composer-2","Yes","0","0","0","0","0","Included"
"2026-04-07T21:26:23.868Z","Included","composer-2-fast","No","0","78422","541856","9317","629595","Included"
"2026-04-07T21:21:50.447Z","Included","composer-2-fast","No","0","207631","2946688","22232","3176551","Included"
"2026-04-07T21:20:16.858Z","Included","composer-2","Yes","0","87080","4012032","38573","4137685","Included"
"2026-04-07T21:20:16.148Z","Included","composer-2","Yes","0","0","0","0","0","Included"
"2026-04-07T21:18:14.142Z","Included","composer-2","Yes","0","14498","114688","1935","131121","Included"
"2026-04-07T21:18:13.615Z","Included","composer-2","Yes","0","0","0","0","0","Included"
"2026-04-07T21:17:46.524Z","Included","composer-2","Yes","0","25308","299008","5368","329684","Included"
"2026-04-07T21:17:45.883Z","Included","composer-2","Yes","0","0","0","0","0","Included"
"2026-04-07T21:11:59.717Z","Included","composer-2","Yes","0","40444","765440","6075","811959","Included"
"2026-04-07T21:11:59.066Z","Included","composer-2","Yes","0","0","0","0","0","Included"
"2026-04-07T21:07:53.502Z","Included","composer-2","Yes","0","34732","710144","7097","751973","Included"
"2026-04-07T21:07:52.171Z","Included","composer-2","Yes","0","0","0","0","0","Included"
"2026-04-07T21:07:07.194Z","Included","composer-2-fast","No","0","62474","352288","6505","421267","Included"
"2026-04-07T21:01:52.004Z","Included","composer-2","Yes","0","113249","5363712","44385","5521346","Included"
"2026-04-07T21:01:51.284Z","Included","composer-2","Yes","0","0","0","0","0","Included"
"2026-04-07T20:27:07.458Z","Included","composer-2","Yes","0","169936","11694592","108800","11973328","Included"
"2026-04-07T20:27:06.491Z","Included","composer-2","Yes","0","0","0","0","0","Included"
"2026-04-07T20:09:19.451Z","Included","composer-2","Yes","0","189857","15554048","134958","15878863","Included"
"2026-04-07T20:09:18.725Z","Included","composer-2","Yes","0","0","0","0","0","Included"
"2026-04-07T19:48:21.022Z","Included","composer-2","Yes","0","146378","9893376","116943","10156697","Included"
"2026-04-07T19:48:20.551Z","Included","composer-2","Yes","0","0","0","0","0","Included"
"2026-04-07T19:42:23.548Z","Included","composer-2","Yes","0","49172","814080","10645","873897","Included"
"2026-04-07T19:42:21.809Z","Included","composer-2","Yes","0","0","0","0","0","Included"
"2026-04-07T19:29:11.517Z","Included","composer-2","Yes","0","1258840","71175168","355152","72789160","Included"
"2026-04-07T19:29:10.952Z","Included","composer-2","Yes","0","0","0","0","0","Included"
"2026-04-07T19:27:12.563Z","Included","composer-2","Yes","0","18040","141824","2535","162399","Included"
"2026-04-07T19:27:12.042Z","Included","composer-2","Yes","0","0","0","0","0","Included"
"2026-04-07T19:21:29.319Z","Included","composer-2","Yes","0","6100747","93654272","540400","100295419","Included"
"2026-04-07T19:21:28.451Z","Included","composer-2","Yes","0","0","0","0","0","Included"
"2026-04-07T19:13:23.295Z","Included","composer-2","Yes","0","56648","1424896","8988","1490532","Included"
"2026-04-07T19:13:22.758Z","Included","composer-2","Yes","0","0","0","0","0","Included"
"2026-04-07T19:08:24.588Z","Included","composer-2","Yes","0","25856","433152","5905","464913","Included"
"2026-04-07T19:08:23.704Z","Included","composer-2","Yes","0","0","0","0","0","Included"
"2026-04-07T19:05:27.388Z","Included","composer-2","Yes","0","25435","376832","4796","407063","Included"
"2026-04-07T19:05:26.738Z","Included","composer-2","Yes","0","0","0","0","0","Included"
"2026-04-07T19:04:29.404Z","Included","composer-2-fast","No","0","95818","577440","6674","679932","Included"
"2026-04-07T18:57:45.072Z","Included","composer-2","Yes","0","1192471","62407680","278677","63878828","Included"
"2026-04-07T18:57:43.487Z","Included","composer-2","Yes","0","0","0","0","0","Included"
"2026-04-07T18:57:04.018Z","Included","composer-2-fast","No","0","36829","246368","5166","288363","Included"
"2026-04-07T18:47:31.235Z","Included","composer-2","Yes","0","52633","1058816","14902","1126351","Included"
"2026-04-07T18:47:30.640Z","Included","composer-2","Yes","0","0","0","0","0","Included"
"2026-04-07T18:44:23.008Z","Included","composer-2","Yes","0","19347","178688","2764","200799","Included"
"2026-04-07T18:44:21.602Z","Included","composer-2","Yes","0","0","0","0","0","Included"
"2026-04-07T18:43:30.269Z","Included","composer-2-fast","No","0","39758","292416","5918","338092","Included"
"2026-04-07T18:35:56.770Z","Included","composer-2","Yes","0","1368728","64293376","381935","66044039","Included"
"2026-04-07T18:35:55.538Z","Included","composer-2","Yes","0","0","0","0","0","Included"
"2026-04-07T18:32:08.858Z","Included","composer-2-fast","No","0","4614","1778368","13073","1796055","Included"
"2026-04-07T18:30:35.242Z","Included","composer-2-fast","No","0","4923","1076256","10603","1091782","Included"
"2026-04-07T18:29:43.348Z","Included","composer-2-fast","No","0","1139","216320","942","218401","Included"
"2026-04-07T18:28:38.131Z","Included","composer-2-fast","No","0","5169","533696","948","539813","Included"
"2026-04-07T18:25:25.165Z","Included","composer-2","Yes","0","236969","18117632","100087","18454688","Included"
"2026-04-07T18:25:23.539Z","Included","composer-2","Yes","0","0","0","0","0","Included"
"2026-04-07T18:24:45.211Z","Included","composer-2-fast","No","0","603","315872","506","316981","Included"
"2026-04-07T18:18:58.578Z","Included","composer-2-fast","No","0","99765","422624","682","523071","Included"
"2026-04-07T18:03:57.658Z","Included","composer-2","Yes","0","1303709","60385792","302249","61991750","Included"
"2026-04-07T18:03:57.063Z","Included","composer-2","Yes","0","0","0","0","0","Included"
"2026-04-07T18:03:50.797Z","Included","composer-2","Yes","0","118454","7782400","78686","7979540","Included"
"2026-04-07T18:03:50.294Z","Included","composer-2","Yes","0","0","0","0","0","Included"
"2026-04-07T18:03:44.917Z","Included","composer-2","Yes","0","404370","27226112","210399","27840881","Included"
"2026-04-07T18:03:44.268Z","Included","composer-2","Yes","0","0","0","0","0","Included"
"2026-04-07T18:03:37.237Z","Included","composer-2","Yes","0","511139","48881664","245483","49638286","Included"
"2026-04-07T18:03:36.702Z","Included","composer-2","Yes","0","0","0","0","0","Included"
"2026-04-07T18:03:31.705Z","Included","composer-2","Yes","0","223912","18952192","120227","19296331","Included"
"2026-04-07T18:03:30.874Z","Included","composer-2","Yes","0","0","0","0","0","Included"
"2026-04-07T18:01:04.120Z","Included","composer-2-fast","No","0","123848","1535360","9729","1668937","Included"
"2026-04-07T17:53:21.778Z","Included","composer-2-fast","No","0","9014","2097472","14031","2120517","Included"
"2026-04-07T17:47:06.313Z","Included","composer-2-fast","No","0","240983","5870336","20785","6132104","Included"
"2026-04-07T17:46:04.535Z","Included","composer-2-fast","No","0","6732","16192","1007","23931","Included"
"2026-04-07T17:43:50.977Z","Included","composer-2-fast","No","0","4334","503680","2652","510666","Included"
"2026-04-07T17:42:11.722Z","Included","composer-2-fast","No","0","716","163424","399","164539","Included"
"2026-04-07T17:41:39.664Z","Included","composer-2-fast","No","0","6588","395328","2312","404228","Included"
"2026-04-07T17:36:27.618Z","Included","composer-2-fast","No","0","164699","1638368","28482","1831549","Included"
"2026-04-07T17:00:34.141Z","Included","composer-2","Yes","0","60790","1632256","11511","1704557","Included"
"2026-04-07T16:55:47.976Z","Included","composer-2","Yes","0","531571","31088640","138557","31758768","Included"
"2026-04-07T16:54:00.061Z","Included","composer-2","Yes","0","57071","1030656","7279","1095006","Included"
"2026-04-07T15:13:56.050Z","Included","composer-2-fast","No","0","41593","252832","5452","299877","Included"
"2026-04-07T15:07:42.735Z","Included","composer-2-fast","No","0","129531","455808","20966","606305","Included"
"2026-04-07T15:02:00.405Z","Included","composer-2-fast","No","0","59557","1223456","27022","1310035","Included"
"2026-04-07T15:00:57.667Z","Included","composer-2-fast","No","0","61441","67584","2675","131700","Included"
"2026-04-07T14:58:48.730Z","Included","composer-2-fast","No","0","40961","50624","3005","94590","Included"
"2026-04-07T14:50:00.953Z","Included","composer-2-fast","No","0","5023","813504","2883","821410","Included"
"2026-04-07T14:47:42.954Z","Included","composer-2-fast","No","0","5162","812448","13908","831518","Included"
"2026-04-07T14:46:19.308Z","Included","composer-2-fast","No","0","5099","510688","7248","523035","Included"
"2026-04-07T14:45:00.630Z","Included","composer-2-fast","No","0","89550","467072","10284","566906","Included"
"2026-04-07T14:42:03.156Z","Included","composer-2-fast","No","0","44913","606752","14047","665712","Included"
"2026-04-07T14:39:48.299Z","Included","composer-2-fast","No","0","92630","339776","6173","438579","Included"
"2026-04-07T14:36:38.993Z","Included","composer-2","Yes","0","820716","64367616","342835","65531167","Included"
"2026-04-07T14:36:24.688Z","Included","composer-2","Yes","0","372801","24725504","136711","25235016","Included"
"2026-04-07T14:33:40.270Z","Included","composer-2","Yes","0","172346","10187776","65447","10425569","Included"
"2026-04-07T14:31:48.100Z","Included","composer-2-fast","No","0","37726","156448","2218","196392","Included"
"2026-04-07T14:27:59.906Z","Included","composer-2-fast","No","0","175538","20859328","57014","21091880","Included"
"2026-04-07T14:24:44.839Z","Included","composer-2-fast","No","0","346678","26816512","75661","27238851","Included"
"2026-04-07T14:23:36.604Z","Included","composer-2-fast","No","0","63223","359968","6075","429266","Included"
"2026-04-07T14:22:17.128Z","Included","composer-2-fast","No","0","129968","1061792","3892","1195652","Included"
"2026-04-07T14:20:35.687Z","Included","composer-2-fast","No","0","463152","18352960","55296","18871408","Included"
"2026-04-07T13:54:45.963Z","Included","composer-2-fast","No","0","892727","39080256","206224","40179207","Included"
"2026-04-07T13:54:18.801Z","Included","composer-2-fast","No","0","108820","1080608","9579","1199007","Included"
"2026-04-07T13:54:05.640Z","Included","composer-2-fast","No","0","307946","9776576","66048","10150570","Included"
"2026-04-07T13:53:14.298Z","Included","composer-2","Yes","0","130517","6668288","81045","6879850","Included"
"2026-04-07T13:49:44.764Z","Included","composer-2-fast","No","0","1490","621760","743","623993","Included"
"2026-04-07T13:47:55.380Z","Included","composer-2-fast","No","0","33923","472928","2046","508897","Included"
"2026-04-07T13:47:12.481Z","Included","composer-2-fast","No","0","2624","468512","5006","476142","Included"
"2026-04-07T13:46:14.074Z","Included","composer-2-fast","No","0","13967","1324896","2635","1341498","Included"
"2026-04-07T13:42:48.999Z","Included","composer-2-fast","No","0","132007","261312","4383","397702","Included"
"2026-04-07T13:41:01.414Z","Included","composer-2-fast","No","0","213857","6054336","39391","6307584","Included"
"2026-04-07T13:40:34.979Z","Included","composer-2-fast","No","0","19735","758912","13081","791728","Included"
"2026-04-07T13:38:55.152Z","Included","composer-2-fast","No","0","41288","350048","3754","395090","Included"
"2026-04-07T13:37:27.825Z","Included","composer-2-fast","No","0","1899","162624","1671","166194","Included"
"2026-04-07T13:36:52.253Z","Included","composer-2-fast","No","0","28324","116192","2770","147286","Included"
"2026-04-07T13:35:12.307Z","Included","composer-2-fast","No","0","19567","115712","3544","138823","Included"
"2026-04-07T13:21:52.872Z","Included","composer-2-fast","No","0","56357","173536","393","230286","Included"
"2026-04-07T13:21:18.768Z","Included","composer-2-fast","No","0","128974","2169120","23424","2321518","Included"
"2026-04-07T13:18:35.958Z","Included","composer-2-fast","No","0","5395","2923072","5896","2934363","Included"
"2026-04-07T13:16:44.682Z","Included","composer-2-fast","No","0","11436","2868544","6544","2886524","Included"
"2026-04-07T13:04:03.951Z","Included","composer-2-fast","No","0","7226","3417728","7478","3432432","Included"
"2026-04-07T13:01:07.434Z","Included","composer-2-fast","No","0","8961","4418496","9889","4437346","Included"
"2026-04-07T12:51:58.487Z","Included","composer-2-fast","No","0","41519","3496928","17951","3556398","Included"
"2026-04-07T12:48:41.179Z","Included","composer-2-fast","No","0","55636","1325376","15238","1396250","Included"
"2026-04-07T12:47:27.026Z","Included","composer-2-fast","No","0","54016","521024","3715","578755","Included"
"2026-04-07T12:45:08.394Z","Included","composer-2-fast","No","0","68361","314912","4087","387360","Included"
"2026-04-07T12:41:27.435Z","Included","composer-2-fast","No","0","65594","7079904","7976","7153474","Included"
"2026-04-07T12:38:27.035Z","Included","composer-2-fast","No","0","320965","19149440","95717","19566122","Included"
"2026-04-07T12:37:56.684Z","Included","composer-2-fast","No","0","40511","3600384","9282","3650177","Included"
"2026-04-07T12:35:46.121Z","Included","composer-2-fast","No","0","48603","2738080","8462","2795145","Included"
"2026-04-07T12:34:33.285Z","Included","composer-2-fast","No","0","70527","1011264","5741","1087532","Included"
"2026-04-07T12:29:36.620Z","Included","composer-2-fast","No","0","43225","2603040","9040","2655305","Included"
"2026-04-07T12:22:20.361Z","Included","composer-2-fast","No","0","78532","1416608","10677","1505817","Included"
"2026-04-07T12:21:14.526Z","Included","composer-2-fast","No","0","72363","100416","4155","176934","Included"
"2026-04-07T12:19:10.988Z","Included","composer-2-fast","No","0","13951","22240","630","36821","Included"
"2026-04-07T12:13:24.511Z","Included","composer-2-fast","No","0","564831","28558336","137666","29260833","Included"
"2026-04-07T12:12:59.594Z","Included","composer-2-fast","No","0","157470","12340736","68279","12566485","Included"
"2026-04-07T12:12:42.297Z","Included","composer-2-fast","No","0","16613","48576","757","65946","Included"
"2026-04-07T12:12:15.089Z","Included","composer-2-fast","No","0","23210","23808","821","47839","Included"
"2026-04-07T12:10:54.786Z","Included","composer-2","Yes","0","136288","288768","725","425781","Included"
"2026-04-07T12:08:34.103Z","Included","composer-2-fast","No","0","32859","29504","1627","63990","Included"
"2026-04-07T12:08:26.289Z","Included","composer-2-fast","No","0","6410","4960","286","11656","Included"
"2026-04-07T12:02:54.403Z","Included","composer-2","Yes","0","111896","7435776","44996","7592668","Included"
"2026-04-07T11:53:56.823Z","Included","composer-2","Yes","0","2139","557042","1071","560252","Included"
"2026-04-07T11:41:25.804Z","Included","composer-2-fast","No","0","147360","614144","2397","763901","Included"
"2026-04-07T11:02:44.279Z","Included","composer-2","Yes","0","214486","14445568","101940","14761994","Included"
"2026-04-07T11:02:18.207Z","Included","composer-2","Yes","0","45709","1284096","13632","1343437","Included"
"2026-04-07T10:59:45.957Z","Included","composer-2","Yes","0","15194","114688","2210","132092","Included"
"2026-04-07T10:58:21.084Z","Included","composer-2","Yes","0","16193","136192","2619","155004","Included"
"2026-04-07T10:56:06.677Z","Included","composer-2","Yes","0","14720","133120","2570","150410","Included"
"2026-04-07T10:09:00.660Z","Included","composer-2-fast","No","0","19865","15328","439","35632","Included"
"2026-04-07T10:04:15.755Z","Included","composer-2-fast","No","0","16331","35936","2567","54834","Included"
"2026-04-07T10:02:12.367Z","Included","composer-2-fast","No","0","27747","44448","700","72895","Included"
"2026-04-07T10:00:48.746Z","Included","composer-2-fast","No","0","58876","53344","1371","113591","Included"
"2026-04-07T09:59:57.777Z","Included","composer-2-fast","No","0","31715","54560","1047","87322","Included"
"2026-04-07T09:48:31.950Z","Included","composer-2-fast","No","0","141605","11173440","52820","11367865","Included"
"2026-04-07T09:43:25.374Z","Included","composer-2-fast","No","0","26621","50208","1735","78564","Included"
"2026-04-07T09:42:41.450Z","Included","composer-2-fast","No","0","744424","22084992","141978","22971394","Included"
"2026-04-07T09:36:15.422Z","Included","composer-2-fast","No","0","55793","96928","4761","157482","Included"
"2026-04-07T09:25:58.065Z","Included","composer-2","Yes","0","42611","1203712","12144","1258467","Included"
"2026-04-07T09:25:45.034Z","Included","composer-2","Yes","0","42956","857088","8344","908388","Included"
"2026-04-07T09:25:35.849Z","Included","composer-2","Yes","0","56929","1635840","13221","1705990","Included"
"2026-04-07T09:25:24.800Z","Included","composer-2","Yes","0","47147","947712","9140","1003999","Included"
"2026-04-07T09:24:47.499Z","Included","composer-2","Yes","0","51885","1190400","10688","1252973","Included"
"2026-04-07T09:22:08.866Z","Included","composer-2-fast","Yes","0","13302","2336","853","16491","Included"
"2026-04-07T09:20:36.590Z","Included","composer-2-fast","No","0","210048","10491872","61037","10762957","Included"
"2026-04-07T09:19:15.693Z","Included","composer-2-fast","No","0","32887","97664","1838","132389","Included"
"2026-04-07T09:18:29.992Z","Included","composer-2-fast","No","0","382762","15663232","99129","16145123","Included"
"2026-04-07T09:18:17.767Z","Included","composer-2-fast","No","0","312802","11734016","163882","12210700","Included"
"2026-04-07T09:17:26.116Z","Included","composer-2-fast","No","0","29068","68800","1378","99246","Included"
"2026-04-07T09:16:59.977Z","Included","composer-2-fast","No","0","214378","16074144","53066","16341588","Included"
"2026-04-07T09:16:17.953Z","Included","composer-2-fast","No","0","1210","305312","295","306817","Included"
"2026-04-07T09:12:20.477Z","Included","composer-2-fast","No","0","18136","152832","719","171687","Included"
"2026-04-07T09:08:53.955Z","Included","composer-2-fast","No","0","132333","533664","7785","673782","Included"
"2026-04-07T09:08:01.825Z","Included","composer-2-fast","No","0","9117","675584","1092","685793","Included"
"2026-04-07T09:03:42.170Z","Included","composer-2-fast","Yes","0","170600","537984","1337","709921","Included"
"2026-04-07T08:59:25.118Z","Included","composer-2-fast","No","0","0","0","0","0","Included"
"2026-04-07T08:58:57.387Z","Included","composer-2-fast","No","0","72748","2773536","24019","2870303","Included"
"2026-04-07T08:58:15.937Z","Included","composer-2-fast","No","0","6282","97248","2871","106401","Included"
"2026-04-07T08:55:23.474Z","Included","composer-2-fast","No","0","59578","61088","1537","122203","Included"
"2026-04-07T08:53:27.694Z","Included","composer-2-fast","No","0","62786","78176","3544","144506","Included"
"2026-04-07T08:52:10.569Z","Included","composer-2-fast","No","0","333680","14381152","115621","14830453","Included"
"2026-04-07T08:51:34.778Z","Included","composer-2-fast","No","0","252","334400","331","334983","Included"
"2026-04-07T08:44:43.683Z","Included","composer-2-fast","No","0","61022","326400","2306","389728","Included"
"2026-04-07T08:40:35.580Z","Included","composer-2-fast","No","0","332","253760","250","254342","Included"
"2026-04-07T08:40:22.421Z","Included","composer-2-fast","No","0","13477","34176","597","48250","Included"
"2026-04-07T08:34:10.738Z","Included","composer-2-fast","Yes","0","307360","17315648","93276","17716284","Included"
"2026-04-07T08:27:57.038Z","Included","composer-2-fast","No","0","377296","17947904","82834","18408034","Included"
"2026-04-07T08:25:26.303Z","Included","composer-2-fast","No","0","44694","192128","5640","242462","Included"
"2026-04-07T08:21:35.509Z","Included","composer-2-fast","No","0","325623","17717472","80158","18123253","Included"
"2026-04-07T08:19:58.309Z","Included","composer-2-fast","No","0","13001","1477952","3890","1494843","Included"
"2026-04-07T08:14:44.516Z","Included","composer-2-fast","No","0","58748","59680","3867","122295","Included"
"2026-04-07T08:07:36.235Z","Included","composer-2-fast","No","0","326771","20163328","54561","20544660","Included"
"2026-04-07T08:05:12.940Z","Included","composer-2-fast","No","0","58260","116448","2215","176923","Included"
"2026-04-07T08:03:54.270Z","Included","composer-2-fast","No","0","386182","17219200","88380","17693762","Included"
"2026-04-07T08:03:16.418Z","Included","composer-2-fast","No","0","763","384896","792","386451","Included"
"2026-04-07T08:03:04.086Z","Included","composer-2-fast","No","0","1061","377952","723","379736","Included"
"2026-04-07T07:59:48.349Z","Included","composer-2-fast","No","0","10711","389824","2175","402710","Included"
"2026-04-07T07:58:34.373Z","Included","composer-2-fast","No","0","66723","760384","4799","831906","Included"
"2026-04-07T07:56:00.846Z","Included","composer-2-fast","No","0","67033","323936","4496","395465","Included"
"2026-04-07T07:43:11.943Z","Included","composer-2-fast","Yes","0","36332","1074720","9150","1120202","Included"
"2026-04-07T07:39:44.815Z","Included","composer-2-fast","Yes","0","11867","223328","4974","240169","Included"
"2026-04-07T07:37:42.432Z","Included","composer-2-fast","Yes","0","62292","176960","2685","241937","Included"
"2026-04-07T07:36:09.282Z","Included","composer-2-fast","No","0","115204","428672","4318","548194","Included"
"2026-04-07T07:35:05.881Z","Included","composer-2-fast","Yes","0","857","602048","560","603465","Included"
"2026-04-07T07:34:36.307Z","Included","composer-2-fast","Yes","0","952","592192","1018","594162","Included"
"2026-04-07T07:34:23.135Z","Included","composer-2-fast","Yes","0","48534","135136","4204","187874","Included"
"2026-04-07T07:32:36.625Z","Included","composer-2-fast","Yes","0","6530","939168","1481","947179","Included"
"2026-04-07T07:32:03.407Z","Included","composer-2-fast","No","0","0","0","0","0","Included"
"2026-04-07T07:30:06.786Z","Included","composer-2-fast","Yes","0","75629","1406144","8306","1490079","Included"
"2026-04-07T06:31:39.573Z","Included","composer-2-fast","Yes","0","201380","3576704","21993","3800077","Included"
"2026-04-07T06:27:14.127Z","Included","composer-2-fast","Yes","0","175285","297718","21320","494323","Included"
"2026-04-07T06:07:15.557Z","On-Demand","gpt-5.3-codex-high","Yes","0","0","0","0","0","0.00"
"2026-04-07T05:54:21.202Z","Errored, No Charge","composer-2","No","0","10444","2048","0","12492","-"
"2026-04-07T05:53:02.121Z","On-Demand","gpt-5.3-codex-high","Yes","0","298869","9292544","19583","9610996","2.91"
"2026-04-07T05:48:17.045Z","On-Demand","gpt-5.3-codex-high","Yes","0","47515","3851520","6100","3905135","1.01"
"2026-04-07T05:45:43.831Z","Included","composer-2-fast","No","0","109309","7751680","31518","7892507","Included"
"2026-04-07T05:41:19.191Z","On-Demand","gpt-5.3-codex-high","Yes","0","984212","15637120","46216","16667548","5.45"
"2026-04-07T05:38:43.921Z","Included","composer-2-fast","No","0","167594","6436448","25303","6629345","Included"
"2026-04-07T05:27:07.454Z","On-Demand","gpt-5.3-codex-high","Yes","0","1435242","10086144","105341","11626727","5.97"
"2026-04-07T04:50:40.427Z","On-Demand","gpt-5.3-codex-high","Yes","0","734656","31709696","130895","32575247","9.93"
"2026-04-07T04:46:49.639Z","On-Demand","gpt-5.3-codex-high","Yes","0","943209","28154368","107536","29205113","8.95"
"2026-04-07T04:31:26.185Z","On-Demand","gpt-5.3-codex-high","Yes","0","1478827","39262080","115932","40856839","12.81"
"2026-04-07T04:20:48.281Z","On-Demand","gpt-5.3-codex-high","Yes","0","1427259","20498688","62735","21988682","7.72"
"2026-04-07T03:57:06.461Z","On-Demand","gpt-5.3-codex-high","Yes","0","915664","13160576","57202","14133442","4.87"
"2026-04-07T03:38:30.004Z","On-Demand","gpt-5.3-codex-high","Yes","0","726209","14033536","157380","14917125","6.24"
"2026-04-07T03:13:38.656Z","On-Demand","gpt-5.3-codex-high","Yes","0","1932101","60567296","149714","62649111","18.75"
"2026-04-07T02:37:20.950Z","On-Demand","gpt-5.3-codex-high","Yes","0","3466061","54908800","160557","58535418","20.25"
"2026-04-07T01:49:21.760Z","On-Demand","gpt-5.3-codex-high","Yes","0","3262247","58364800","152612","61779659","21.39"
"2026-04-07T01:41:16.185Z","On-Demand","gpt-5.3-codex-high","Yes","0","2213772","33300224","122582","35636578","13.00"
"2026-04-07T01:24:43.497Z","On-Demand","gpt-5.3-codex-high","Yes","0","1190903","11573376","41363","12805642","4.86"
"2026-04-07T00:57:52.292Z","On-Demand","gpt-5.3-codex-high","Yes","0","684013","29499136","29090","30212239","8.12"
"2026-04-07T00:21:11.295Z","On-Demand","gpt-5.3-codex-high","Yes","0","946894","22436224","92657","23475775","7.60"
"2026-04-07T00:17:28.374Z","On-Demand","gpt-5.3-codex-high","Yes","0","2353345","45983104","202265","48538714","16.47"
"2026-04-06T23:52:10.293Z","On-Demand","gpt-5.3-codex-high","Yes","0","5955939","75078016","503784","81537739","33.13"
"2026-04-06T23:30:07.131Z","On-Demand","gpt-5.3-codex-high","Yes","0","7755809","121494400","479114","129729323","45.67"
"2026-04-06T22:41:00.255Z","On-Demand","gpt-5.3-codex-high","Yes","0","1889039","34728064","160243","36777346","12.93"
"2026-04-06T21:45:07.764Z","On-Demand","gpt-5.3-codex-high","Yes","0","3901595","57352320","274309","61528224","23.18"
"2026-04-06T21:41:22.775Z","On-Demand","gpt-5.3-codex-high","Yes","0","2131729","74798336","149849","77079914","22.19"
"2026-04-06T20:58:20.256Z","On-Demand","gpt-5.3-codex-high","Yes","0","824963","21793664","86966","22705593","7.77"
"2026-04-06T20:57:27.598Z","On-Demand","gpt-5.3-codex-high","Yes","0","59857","489216","1786","550859","0.26"
"2026-04-06T20:06:12.767Z","On-Demand","gpt-5.3-codex-high","Yes","0","3921385","72159360","348619","76429364","27.86"
"2026-04-06T18:41:28.294Z","On-Demand","gpt-5.3-codex-high","Yes","0","3289825","65988096","339540","69617461","24.60"
"2026-04-06T18:40:12.924Z","On-Demand","gpt-5.3-codex-high","Yes","0","7035434","114374656","682692","122092782","46.79"
"2026-04-06T18:17:57.408Z","On-Demand","gpt-5.3-codex-high","Yes","0","2475083","61328000","183950","63987033","20.18"
"2026-04-06T18:11:43.248Z","On-Demand","gpt-5.3-codex-high","Yes","0","295275","6783488","25396","7104159","2.47"
"2026-04-06T17:46:14.105Z","On-Demand","gpt-5.3-codex-high","Yes","0","260761","0","486","261247","0.56"
"2026-04-06T17:46:03.883Z","On-Demand","gpt-5.3-codex-high","Yes","0","160","265600","176","265936","0.06"
"2026-04-06T17:45:36.722Z","On-Demand","gpt-5.3-codex-high","Yes","0","10375","511488","826","522689","0.14"
"2026-04-06T17:45:23.353Z","On-Demand","gpt-5.3-codex-high","Yes","0","222","255872","407","256501","0.06"
"2026-04-06T17:43:33.448Z","On-Demand","gpt-5.3-codex-high","Yes","0","12343","2020480","1852","2034675","0.48"
"2026-04-06T17:26:52.134Z","On-Demand","gpt-5.3-codex-high","Yes","0","561746","8897408","19010","9478164","3.37"
"2026-04-06T17:13:02.087Z","On-Demand","gpt-5.3-codex-high","Yes","0","243066","7800320","26012","8069398","2.59"
"2026-04-06T17:07:39.853Z","On-Demand","gpt-5.3-codex-high","Yes","0","1781719","28688640","116147","30586506","10.80"
"2026-04-06T17:04:13.232Z","On-Demand","gpt-5.3-codex-high","Yes","0","1182146","17349120","126442","18657708","7.60"
"2026-04-06T16:35:11.836Z","On-Demand","gpt-5.3-codex-high","Yes","0","2561963","38899328","150952","41612243","15.36"
"2026-04-06T15:55:49.471Z","On-Demand","gpt-5.3-codex-high","Yes","0","1212448","34356352","119144","35687944","11.15"
"2026-04-06T15:45:20.823Z","On-Demand","gpt-5.3-codex-high","Yes","0","2223519","39650048","222132","42095699","15.86"
"2026-04-06T14:29:50.555Z","On-Demand","gpt-5.3-codex-high","Yes","0","1650481","26697472","174749","28522702","11.31"
"2026-04-06T14:24:18.843Z","On-Demand","gpt-5.3-codex-high","Yes","0","22335","4611072","6410","4639817","1.12"
"2026-04-06T14:00:45.861Z","On-Demand","gpt-5.3-codex-high","Yes","0","3618475","61780480","272314","65671269","23.45"
"2026-04-06T13:11:36.872Z","On-Demand","gpt-5.3-codex-high","Yes","0","5757292","100403200","365912","106526404","36.71"
"2026-04-06T13:07:37.606Z","On-Demand","gpt-5.3-codex-high","Yes","0","2654159","37836544","98804","40589507","14.69"
"2026-04-06T10:59:03.079Z","On-Demand","gpt-5.3-codex-high","Yes","0","5097652","102461696","477358","108036706","38.25"
"2026-04-06T10:53:50.251Z","On-Demand","gpt-5.3-codex-high","Yes","0","4329606","85123840","198636","89652082","29.40"
"2026-04-06T10:51:39.920Z","On-Demand","gpt-5.3-codex-high","Yes","0","14459","240256","3265","257980","0.14"
"2026-04-06T10:50:48.555Z","On-Demand","gpt-5.3-codex-high","Yes","0","7019","110592","1771","119382","0.07"
"2026-04-06T10:49:46.078Z","On-Demand","gpt-5.3-codex-high","Yes","0","11046","144896","2221","158163","0.09"
"2026-04-06T10:46:51.048Z","On-Demand","gpt-5.3-codex-high","Yes","0","368155","334592","16573","719320","0.34"
"2026-04-06T10:46:31.374Z","On-Demand","gpt-5.3-codex-high","Yes","0","13770","254464","336","268570","0.09"
"2026-04-06T10:45:34.237Z","On-Demand","gpt-5.3-codex-high","Yes","0","29470","772864","735","803069","0.24"
"2026-04-06T10:44:28.339Z","On-Demand","gpt-5.3-codex-high","Yes","0","12937","766464","1091","780492","0.21"
"2026-04-06T10:43:43.637Z","On-Demand","gpt-5.3-codex-high","Yes","0","1022","510592","1135","512749","0.13"
"2026-04-06T10:41:43.681Z","On-Demand","gpt-5.3-codex-high","Yes","0","1796","1779584","1386","1782766","0.40"
"2026-04-06T10:40:39.880Z","On-Demand","gpt-5.3-codex-high","Yes","0","260929","748800","658","1010387","0.72"
"2026-04-06T10:39:40.696Z","On-Demand","gpt-5.3-codex-high","Yes","0","861","741120","1148","743129","0.18"
"2026-04-06T10:38:16.658Z","On-Demand","gpt-5.3-codex-high","Yes","0","241500","983680","1177","1226357","0.73"
"2026-04-06T10:35:47.975Z","On-Demand","gpt-5.3-codex-high","Yes","0","10414","1904000","3185","1917599","0.48"
"2026-04-06T10:35:22.761Z","Aborted, Not Charged","gpt-5.3-codex-high","Yes","0","0","0","0","0","0.00"
"2026-04-06T10:17:37.487Z","On-Demand","gpt-5.3-codex-high","Yes","0","5898146","100607232","335165","106840543","37.03"
"2026-04-06T10:11:54.332Z","On-Demand","gpt-5.3-codex-high","Yes","0","11375905","204425344","1030918","216832167","79.35"
"2026-04-06T09:50:30.066Z","On-Demand","gpt-5.3-codex-high","Yes","0","5987990","98390016","374266","104752272","37.56"
"2026-04-06T09:33:01.372Z","On-Demand","gpt-5.3-codex-high","Yes","0","916920","14234624","100580","15252124","5.82"
"2026-04-06T09:17:22.810Z","On-Demand","gpt-5.3-codex-high","Yes","0","1956516","27277568","198910","29432994","12.28"
"2026-04-06T08:49:02.978Z","On-Demand","gpt-5.3-codex-high","Yes","0","1240890","17336960","107791","18685641","7.33"
"2026-04-06T08:19:29.815Z","On-Demand","gpt-5.3-codex-high","Yes","0","1298204","13126528","118484","14543216","6.77"
"2026-04-06T08:06:50.577Z","On-Demand","gpt-5.3-codex-high","Yes","0","1161252","22931072","82182","24174506","8.63"
"2026-04-06T07:24:38.548Z","On-Demand","gpt-5.3-codex-high","Yes","0","5097542","84702336","321031","90120909","31.59"
"2026-04-06T07:24:18.897Z","Aborted, Not Charged","gpt-5.3-codex-high","Yes","0","0","0","0","0","0.00"
"2026-04-06T07:12:14.286Z","On-Demand","gpt-5.3-codex-high","Yes","0","3357772","36730624","189204","40277600","16.20"
"2026-04-06T07:09:00.633Z","On-Demand","gpt-5.3-codex-high","Yes","0","899018","17582464","131837","18613319","7.02"
"2026-04-06T05:48:54.841Z","On-Demand","gpt-5.3-codex-high","Yes","0","1558159","43195648","184971","44938778","14.44"
"2026-04-06T04:56:41.269Z","On-Demand","gpt-5.3-codex-high","Yes","0","4421065","82729060","387405","87537530","30.05"
"2026-04-06T04:36:11.898Z","On-Demand","gpt-5.3-codex-high","Yes","0","3836768","73598464","449961","77885193","29.48"
"2026-04-06T04:01:00.079Z","On-Demand","gpt-5.3-codex-high","Yes","0","671066","18899840","112467","19683373","6.61"
"2026-04-06T03:52:57.653Z","On-Demand","gpt-5.3-codex-high","Yes","0","913844","22761984","125926","23801754","7.72"
"2026-04-06T03:12:57.682Z","On-Demand","gpt-5.3-codex-high","Yes","0","3719449","66952064","332347","71003860","24.82"
"2026-04-06T02:44:45.005Z","On-Demand","gpt-5.3-codex-high","Yes","0","3400044","46032640","222115","49654799","19.22"
"2026-04-06T02:14:49.388Z","Included","gpt-5.3-codex-high","Yes","0","524874","19517824","66165","20108863","Included"
"2026-04-06T00:28:43.317Z","Included","gpt-5.3-codex-high","Yes","0","159834","0","893","160727","Included"
"2026-04-06T00:28:38.172Z","Included","gpt-5.3-codex-high","Yes","0","224","164608","57","164889","Included"
"2026-04-06T00:28:22.515Z","Included","gpt-5.3-codex-high","Yes","0","113","164608","749","165470","Included"
"2026-04-06T00:27:54.892Z","Included","gpt-5.3-codex-high","Yes","0","347","328960","1188","330495","Included"
"2026-04-06T00:27:23.333Z","Included","gpt-5.3-codex-high","Yes","0","6021","317440","1311","324772","Included"
"2026-04-06T00:20:59.876Z","Included","gpt-5.3-codex-high","Yes","0","94692","2225280","24782","2344754","Included"
"2026-04-05T23:38:54.226Z","Included","gpt-5.3-codex-high","Yes","0","10649136","292716288","933393","304298817","Included"
"2026-04-05T23:26:55.984Z","Included","gpt-5.3-codex-high","Yes","0","501684","5463424","37141","6002249","Included"
"2026-04-05T23:17:15.522Z","Included","gpt-5.3-codex-high","Yes","0","6571798","133025664","373444","139970906","Included"
"2026-04-05T23:14:41.929Z","Included","gpt-5.3-codex-high","Yes","0","4011358","95287936","303958","99603252","Included"
"2026-04-05T22:59:10.245Z","Included","gpt-5.3-codex-high","Yes","0","8006869","171349760","775839","180132468","Included"
"2026-04-05T21:55:27.814Z","Included","gpt-5.3-codex-high","Yes","0","623646","41086208","27540","41737394","Included"
"2026-04-05T21:50:07.234Z","Included","gpt-5.3-codex-high","Yes","0","2564096","38029952","294599","40888647","Included"
"2026-04-05T21:27:29.655Z","Included","gpt-5.3-codex-high","Yes","0","3533768","72853376","270682","76657826","Included"
"2026-04-05T21:23:12.745Z","Included","gpt-5.3-codex-high","Yes","0","1991795","62904192","141900","65037887","Included"
"2026-04-05T21:19:55.247Z","Included","gpt-5.3-codex-high","Yes","0","2697819","63239424","266302","66203545","Included"
"2026-04-05T21:01:02.976Z","Included","gpt-5.3-codex-high","Yes","0","1790895","33077504","148415","35016814","Included"
"2026-04-05T20:54:38.328Z","Included","gpt-5.3-codex-high","Yes","0","2987610","71401600","233766","74622976","Included"
"2026-04-05T20:50:25.072Z","Included","gpt-5.3-codex-high","Yes","0","563084","19562112","29419","20154615","Included"
"2026-04-05T20:28:26.563Z","Included","gpt-5.3-codex-high","Yes","0","2195470","30242432","122903","32560805","Included"
"2026-04-05T20:15:40.808Z","Included","gpt-5.3-codex-high","Yes","0","315849","8892416","15626","9223891","Included"
"2026-04-05T20:08:18.796Z","Included","gpt-5.3-codex-high","Yes","0","984996","19970816","107683","21063495","Included"
"2026-04-05T19:55:02.551Z","Included","gpt-5.3-codex-high","Yes","0","1688559","49026176","137304","50852039","Included"
"2026-04-05T19:38:24.838Z","Included","gpt-5.3-codex-high","Yes","0","1086340","34742016","144585","35972941","Included"
"2026-04-05T19:31:56.956Z","Included","gpt-5.3-codex-high","Yes","0","42896","6091648","11232","6145776","Included"
"2026-04-05T19:19:35.751Z","Included","gpt-5.3-codex-high","Yes","0","10805030","201003648","872509","212681187","Included"
"2026-04-05T19:16:51.782Z","Included","gpt-5.3-codex-high","Yes","0","1204507","34790912","45533","36040952","Included"
"2026-04-05T19:14:00.798Z","Included","gpt-5.3-codex-high","Yes","0","1386821","36829440","118244","38334505","Included"
"2026-04-05T19:09:31.934Z","Included","gpt-5.3-codex-high","Yes","0","143837","12523776","14567","12682180","Included"
"2026-04-05T19:07:51.539Z","Included","gpt-5.3-codex-high","Yes","0","942521","35932544","55467","36930532","Included"
"2026-04-05T19:05:55.225Z","Included","gpt-5.3-codex-high","Yes","0","3164629","91521920","377687","95064236","Included"
"2026-04-05T18:39:54.984Z","Included","gpt-5.3-codex-high","Yes","0","758317","8475776","66934","9301027","Included"
"2026-04-05T18:39:13.625Z","Included","gpt-5.3-codex-high","Yes","0","15820","1028864","1895","1046579","Included"
"2026-04-05T18:38:20.805Z","Included","gpt-5.3-codex-high","Yes","0","1213483","30060288","89593","31363364","Included"
"2026-04-05T18:14:35.117Z","Included","gpt-5.3-codex-high","Yes","0","1455172","24349184","53091","25857447","Included"
"2026-04-05T18:14:34.559Z","Included","gpt-5.3-codex-high","Yes","0","2060464","43991155","110634","46162253","Included"
"2026-04-05T18:10:55.509Z","Included","gpt-5.3-codex-high","Yes","0","916315","19974899","54344","20945558","Included"
"2026-04-05T18:10:49.407Z","Included","gpt-5.3-codex-high","Yes","0","230851","1788914","5982","2025747","Included"
"2026-04-05T18:07:38.285Z","Included","gpt-5.3-codex-high","Yes","0","141215","486144","8013","635372","Included"
"2026-04-05T18:01:05.807Z","Included","gpt-5.3-codex-high","Yes","0","1275180","2732288","33146","4040614","Included"
"2026-04-05T18:00:35.280Z","Included","gpt-5.3-codex-high","Yes","0","1409845","3072640","31413","4513898","Included"
"2026-04-05T17:56:52.323Z","Included","gpt-5.3-codex-high","Yes","0","191745","1358464","8730","1558939","Included"
"2026-04-05T17:55:00.921Z","Included","gpt-5.3-codex-high","Yes","0","2007718","25175155","126762","27309635","Included"
"2026-04-05T17:49:57.143Z","Included","gpt-5.3-codex-high","Yes","0","6662390","104338675","380775","111381840","Included"
"2026-04-05T17:36:00.258Z","Included","gpt-5.3-codex-high","Yes","0","1866681","9575552","48463","11490696","Included"
"2026-04-05T17:34:54.159Z","Included","gpt-5.3-codex-high","Yes","0","2060527","50612211","136351","52809089","Included"
"2026-04-05T17:32:16.320Z","Included","gpt-5.3-codex-high","Yes","0","692224","7331456","23136","8046816","Included"
"2026-04-05T17:23:11.738Z","Included","gpt-5.3-codex-high","Yes","0","2504569","50590323","229447","53324339","Included"
"2026-04-05T17:04:55.094Z","Included","gpt-5.3-codex-high","Yes","0","486749","13461120","33639","13981508","Included"
"2026-04-05T16:58:13.395Z","Included","gpt-5.3-codex-high","Yes","0","1900935","14111616","89529","16102080","Included"
"2026-04-05T16:50:59.974Z","Included","gpt-5.3-codex-high","Yes","0","1055283","26519808","80356","27655447","Included"
"2026-04-05T16:48:38.172Z","Included","gpt-5.3-codex-high","Yes","0","57881","5300096","6746","5364723","Included"
"2026-04-05T16:47:05.818Z","Included","gpt-5.3-codex-high","Yes","0","1001132","13078912","72565","14152609","Included"
"2026-04-05T16:44:47.425Z","Included","composer-2-fast","No","0","2518","45792","1716","50026","Included"
"2026-04-05T16:42:27.197Z","Included","composer-2-fast","No","0","16428","30080","724","47232","Included"
"2026-04-05T16:29:35.450Z","Included","gpt-5.3-codex-high","Yes","0","473761","6595571","65592","7134924","Included"
"2026-04-05T13:39:12.764Z","Included","gpt-5.3-codex-high","Yes","0","3349076","91508224","264756","95122056","Included"
"2026-04-05T13:04:33.420Z","Included","gpt-5.3-codex-high","Yes","0","1474418","23837312","69857","25381587","Included"
"2026-04-05T09:24:53.669Z","Included","claude-4.6-opus-high-thinking","Yes","93250","440","1859759","14275","1967724","Free"
"2026-04-02T16:43:35.322Z","Included","composer-2-fast","No","0","13371","102597","1602","117570","Included"
"2026-04-02T16:38:23.375Z","Included","composer-2-fast","No","0","38225","210559","5318","254102","Included"
"2026-04-01T16:22:26.184Z","Included","Premium (Codex 5.3)","No","0","54128","673502","5817","733447","Included"
"2026-04-01T16:22:26.165Z","Included","Premium (Codex 5.3)","No","0","31737","612700","6072","650509","Included"
"2026-04-01T16:18:33.390Z","Included","Premium (Codex 5.3)","No","0","52562","799207","9308","861077","Included"
"2026-04-01T16:18:33.387Z","Included","Premium (Codex 5.3)","No","0","42023","800743","7562","850328","Included"
"2026-04-01T16:12:11.752Z","Included","Premium (Codex 5.3)","No","0","71474","1281788","9162","1362424","Included"
"2026-04-01T16:12:11.678Z","Included","Premium (Codex 5.3)","No","0","78827","1300095","8794","1387716","Included"
"2026-04-01T16:10:53.230Z","Included","Premium (Codex 5.3)","No","0","558994","5624683","22695","6206372","Included"
"2026-04-01T15:20:31.949Z","Included","Premium (Codex 5.3)","No","0","49787","1077627","8292","1135706","Included"
"2026-04-01T15:20:31.917Z","Included","Premium (Codex 5.3)","No","0","44698","1072231","8099","1125028","Included"
"2026-04-01T15:20:16.977Z","Included","Premium (Codex 5.3)","No","0","221966","821027","2117","1045110","Included"
"2026-04-01T15:02:19.919Z","Included","Premium (Codex 5.3)","No","0","63996","744797","6856","815649","Included"
"2026-04-01T15:02:19.900Z","Included","Premium (Codex 5.3)","No","0","28084","481979","6237","516300","Included"
"2026-04-01T14:58:12.257Z","Included","Premium (Codex 5.3)","No","0","53768","817932","8191","879891","Included"
"2026-04-01T14:58:12.242Z","Included","Premium (Codex 5.3)","No","0","39059","935930","7921","982910","Included"
"2026-04-01T14:56:15.752Z","Included","composer-2-fast","No","0","16457","101315","1884","119656","Included"
"2026-04-01T14:54:14.691Z","Included","composer-2-fast","No","0","15618","22144","828","38590","Included"
"2026-04-01T14:53:45.139Z","Included","Premium (Codex 5.3)","No","0","37432","919654","7436","964522","Included"
"2026-04-01T14:53:45.076Z","Included","Premium (Codex 5.3)","No","0","60503","1450999","8350","1519852","Included"
"2026-04-01T14:49:59.966Z","Included","Premium (Codex 5.3)","No","0","36295","867955","8138","912388","Included"
"2026-04-01T14:49:59.966Z","Included","Premium (Codex 5.3)","No","0","41944","836320","8712","886976","Included"
"2026-04-01T14:47:54.121Z","Included","composer-2-fast","No","0","22722","34956","2002","59680","Included"
"2026-04-01T14:46:06.540Z","Included","Premium (Codex 5.3)","No","0","46686","1112069","10090","1168845","Included"
"2026-04-01T14:46:06.497Z","Included","Premium (Codex 5.3)","No","0","54305","1316501","9330","1380136","Included"
"2026-04-01T14:45:45.465Z","Included","Premium (Codex 5.3)","No","0","195754","10469258","15349","10680361","Included"
"2026-04-01T06:15:49.469Z","Included","Premium (Codex 5.3)","No","0","146952","9058602","20758","9226312","Included"
"2026-04-01T05:58:22.260Z","Included","auto","No","0","76754","1844224","41364","1962342","Included"
"2026-04-01T05:51:21.724Z","Included","Premium (Codex 5.3)","No","0","6950","107398","1720","116068","Included"
"2026-04-01T05:50:34.013Z","Included","Premium (Codex 5.3)","No","0","48612","5984","630","55226","Included"
"2026-04-01T05:37:39.215Z","Included","Premium (Codex 5.3)","No","0","78964","2250678","12695","2342337","Included"
"2026-04-01T05:37:39.100Z","Included","Premium (Codex 5.3)","No","0","118564","4174527","14230","4307321","Included"
"2026-04-01T05:36:58.065Z","Included","Premium (Codex 5.3)","No","0","81366","2044955","17888","2144209","Included"
"2026-04-01T05:23:34.782Z","Included","Premium (Codex 5.3)","No","0","279130","9660821","35486","9975437","Included"
"2026-04-01T05:23:34.753Z","Included","Premium (Codex 5.3)","No","0","117364","7775355","26711","7919430","Included"
"2026-04-01T05:23:06.985Z","Included","Premium (Codex 5.3)","No","0","99990","1988146","17202","2105338","Included"
"2026-04-01T05:22:15.049Z","Aborted, Not Charged","Premium (Codex 5.3)","No","0","0","0","0","0","0.00"
"2026-04-01T05:22:14.980Z","Aborted, Not Charged","Premium (Codex 5.3)","No","0","0","0","0","0","0.00"
"2026-04-01T05:21:56.943Z","Included","Premium (Codex 5.3)","No","0","63293","423424","982","487699","Included"
"2026-04-01T05:20:30.815Z","Included","Premium (Codex 5.3)","No","0","19815","40527","1354","61696","Included"
"2026-04-01T05:10:20.432Z","Included","Premium (Codex 5.3)","No","0","92433","4087879","23016","4203328","Included"
"2026-04-01T05:10:20.406Z","Included","Premium (Codex 5.3)","No","0","132073","6860508","26471","7019052","Included"
"2026-04-01T05:03:24.750Z","Included","Premium (Codex 5.3)","No","0","97604","3772738","17097","3887439","Included"
"2026-04-01T05:03:24.721Z","Included","Premium (Codex 5.3)","No","0","91777","4488123","24646","4604546","Included"
"2026-04-01T04:55:28.856Z","Included","Premium (Codex 5.3)","No","0","90373","5259999","23392","5373764","Included"
"2026-04-01T04:55:28.849Z","Included","Premium (Codex 5.3)","No","0","122341","4954189","22995","5099525","Included"
"2026-04-01T04:51:35.878Z","Included","Premium (Codex 5.3)","No","0","85379","3428306","13868","3527553","Included"
"2026-04-01T04:50:49.307Z","Included","Premium (Codex 5.3)","No","0","302447","8101283","20025","8423755","Included"
"2026-04-01T04:49:02.518Z","Included","Premium (Codex 5.3)","No","0","10698","343193","1578","355469","Included"
"2026-04-01T04:43:00.431Z","Included","Premium (Codex 5.3)","No","0","7295","504682","1029","513006","Included"
"2026-04-01T04:41:07.350Z","Included","Premium (Codex 5.3)","No","0","164347","506337","3299","673983","Included"
"2026-04-01T04:38:58.004Z","Included","auto","No","0","32328","59392","4553","96273","Included"
"2026-04-01T04:36:12.450Z","Included","Premium (Codex 5.3)","No","0","8469","805035","1290","814794","Included"
"2026-04-01T04:34:09.889Z","Included","Premium (Codex 5.3)","No","0","53270","425492","1365","480127","Included"
"2026-04-01T04:24:14.943Z","Included","Premium (Codex 5.3)","No","0","53465","1080047","9771","1143283","Included"
"2026-04-01T04:24:14.837Z","Included","Premium (Codex 5.3)","No","0","78222","1841561","10586","1930369","Included"
"2026-04-01T04:20:34.162Z","Included","Premium (Codex 5.3)","No","0","24562","704351","5554","734467","Included"
"2026-04-01T04:20:34.157Z","Included","Premium (Codex 5.3)","No","0","64799","1432326","13606","1510731","Included"
"2026-04-01T04:20:34.143Z","Included","Premium (Codex 5.3)","No","0","45360","627058","10714","683132","Included"
"2026-04-01T04:12:25.041Z","Included","Premium (Codex 5.3)","No","0","114823","6424610","30856","6570289","Included"
"2026-04-01T04:12:25.005Z","Included","Premium (Codex 5.3)","No","0","56059","1660964","11863","1728886","Included"
"2026-04-01T04:11:50.801Z","Included","Premium (Codex 5.3)","No","0","38671","2336774","9521","2384966","Included"
"2026-04-01T04:10:42.723Z","Included","Premium (Codex 5.3)","No","0","104177","7167","433","111777","Included"
"2026-04-01T04:05:47.836Z","Included","auto","No","0","26367","219136","6972","252475","Included"
"2026-04-01T04:03:09.390Z","Included","gpt-5.3-codex","No","0","38277","1081083","9049","1128409","Included"
"2026-04-01T04:03:06.993Z","Included","gpt-5.3-codex","No","0","53871","953994","9147","1017012","Included"
"2026-04-01T04:03:05.073Z","Included","gpt-5.3-codex","No","0","46572","539594","8267","594433","Included"
"2026-04-01T03:54:56.961Z","Included","gpt-5.3-codex","No","0","38634","457381","5917","501932","Included"
"2026-04-01T03:54:48.596Z","Included","gpt-5.3-codex","No","0","34011","301342","3843","339196","Included"
"2026-04-01T03:54:44.857Z","Included","gpt-5.3-codex","No","0","33589","192670","6903","233162","Included"
"2026-04-01T03:52:58.573Z","Included","auto","No","0","124565","5292544","37146","5454255","Included"
"2026-04-01T03:40:27.295Z","Included","auto","No","0","24703","80384","2120","107207","Included"
"2026-04-01T03:37:18.387Z","Included","gpt-5.3-codex","No","0","32800","378153","4975","415928","Included"
"2026-04-01T03:37:16.589Z","Included","gpt-5.3-codex","No","0","55801","2533422","16086","2605309","Included"
"2026-04-01T03:36:06.037Z","Included","auto","No","0","137338","909824","4018","1051180","Included"
"2026-04-01T03:34:11.195Z","Included","auto","No","0","5511","718336","1347","725194","Included"
"2026-04-01T03:27:35.448Z","Included","auto","No","0","23779","1561088","3854","1588721","Included"
"2026-04-01T03:09:57.833Z","Included","gpt-5.3-codex","No","0","54915","3076841","17092","3148848","Included"
"2026-04-01T03:09:53.981Z","Included","gpt-5.3-codex","No","0","87678","4569555","26761","4683994","Included"
"2026-04-01T03:09:52.186Z","Included","gpt-5.3-codex","No","0","72060","3098604","19131","3189795","Included"
"2026-04-01T02:56:38.449Z","Included","gpt-5.3-codex","No","0","101660","6516761","17393","6635814","Included"
"2026-04-01T02:50:41.214Z","Included","gpt-5.3-codex","No","0","68822","1976096","9203","2054121","Included"
"2026-04-01T02:50:39.684Z","Included","gpt-5.3-codex","No","0","126559","2559190","14426","2700175","Included"
"2026-04-01T02:43:33.383Z","Included","gpt-5.3-codex","No","0","41856","878847","6360","927063","Included"
"2026-04-01T02:43:30.981Z","Included","gpt-5.3-codex","No","0","63276","3105352","14858","3183486","Included"
"2026-04-01T02:40:59.338Z","Included","gpt-5.3-codex","No","0","41754","612948","5390","660092","Included"
"2026-04-01T02:32:31.293Z","Included","gpt-5.3-codex","No","0","62179","2380705","11578","2454462","Included"
"2026-04-01T02:32:29.457Z","Included","gpt-5.3-codex","No","0","84624","4699240","19436","4803300","Included"
"2026-04-01T02:20:01.733Z","Included","gpt-5.3-codex","No","0","69895","3569854","16380","3656129","Included"
"2026-04-01T02:20:00.840Z","Included","gpt-5.3-codex","No","0","87150","3562709","16439","3666298","Included"
"2026-04-01T02:08:16.894Z","Included","gpt-5.3-codex","No","0","84759","5057275","14832","5156866","Included"
"2026-04-01T02:08:15.721Z","Included","gpt-5.3-codex","No","0","72436","3293251","13256","3378943","Included"
"2026-04-01T01:48:39.054Z","Included","gpt-5.3-codex","No","0","98627","8407215","25184","8531026","Included"
"2026-04-01T01:43:05.410Z","Included","gpt-5.3-codex","No","0","66491","2388631","10963","2466085","Included"
"2026-04-01T01:43:03.980Z","Included","gpt-5.3-codex","No","0","75385","2738987","9511","2823883","Included"
"2026-04-01T01:34:32.854Z","Included","gpt-5.3-codex","No","0","88235","4802927","24046","4915208","Included"
"2026-04-01T01:34:30.483Z","Included","gpt-5.3-codex","No","0","82217","2746967","14644","2843828","Included"
"2026-04-01T01:27:15.633Z","Included","gpt-5.3-codex","No","0","76227","2732460","11461","2820148","Included"
"2026-04-01T01:27:11.784Z","Included","gpt-5.3-codex","No","0","108144","4045165","23799","4177108","Included"
"2026-04-01T01:17:45.545Z","Included","gpt-5.3-codex","No","0","69816","2956061","15475","3041352","Included"
"2026-04-01T01:17:43.508Z","Included","gpt-5.3-codex","No","0","72541","4615786","19224","4707551","Included"
"2026-04-01T01:13:52.449Z","Included","gpt-5.3-codex","No","0","77691","1876511","10390","1964592","Included"
"2026-04-01T01:13:50.958Z","Included","gpt-5.3-codex","No","0","51942","1383052","10151","1445145","Included"
"2026-04-01T01:11:08.720Z","Included","gpt-5.3-codex","No","0","96906","987002","6165","1090073","Included"
"2026-04-01T01:11:08.704Z","Included","gpt-5.3-codex","No","0","47410","1101422","5769","1154601","Included"
"2026-04-01T01:11:07.754Z","Included","auto","No","0","190148","4750848","19071","4960067","Included"
"2026-04-01T01:02:58.748Z","Included","gpt-5.3-codex","No","0","56653","1422056","9912","1488621","Included"
"2026-04-01T01:02:57.441Z","Included","gpt-5.3-codex","No","0","259563","10774938","25551","11060052","Included"
"2026-04-01T00:56:19.661Z","Included","gpt-5.3-codex","No","0","117789","5453025","18511","5589325","Included"
"2026-04-01T00:56:18.426Z","Included","gpt-5.3-codex","No","0","97410","2203699","9903","2311012","Included"
"2026-04-01T00:47:11.860Z","Included","gpt-5.3-codex","No","0","121804","5882863","19079","6023746","Included"
"2026-04-01T00:47:10.460Z","Included","gpt-5.3-codex","No","0","63616","4176243","14825","4254684","Included"
"2026-04-01T00:41:33.939Z","Included","gpt-5.3-codex","No","0","93168","2645556","12583","2751307","Included"
"2026-04-01T00:41:31.841Z","Included","gpt-5.3-codex","No","0","77511","2976444","18565","3072520","Included"
"2026-04-01T00:37:19.293Z","Included","gpt-5.3-codex","No","0","79734","2077497","10586","2167817","Included"
"2026-04-01T00:37:17.350Z","Included","gpt-5.3-codex","No","0","72679","3306840","12641","3392160","Included"
"2026-04-01T00:32:45.317Z","Included","gpt-5.3-codex","No","0","62616","1753622","9837","1826075","Included"
"2026-04-01T00:32:43.926Z","Included","gpt-5.3-codex","No","0","106408","3174562","14074","3295044","Included"
"2026-04-01T00:26:49.399Z","Included","gpt-5.3-codex","No","0","79003","3795787","17427","3892217","Included"
"2026-04-01T00:26:48.148Z","Included","gpt-5.3-codex","No","0","58792","1237635","8770","1305197","Included"
"2026-04-01T00:21:43.570Z","Included","gpt-5.3-codex","No","0","74584","1333497","7401","1415482","Included"
"2026-04-01T00:21:41.736Z","Included","gpt-5.3-codex","No","0","73020","2682038","16339","2771397","Included"
"2026-04-01T00:17:20.476Z","Included","gpt-5.3-codex","No","0","48834","1161260","10667","1220761","Included"
"2026-04-01T00:17:16.997Z","Included","gpt-5.3-codex","No","0","84698","2061135","12700","2158533","Included"
"2026-04-01T00:16:37.875Z","Included","auto","No","0","67155","525312","7440","599907","Included"
"2026-04-01T00:12:43.801Z","Included","gpt-5.3-codex","No","0","75667","1329664","10727","1416058","Included"
"2026-04-01T00:09:52.642Z","Included","gpt-5.3-codex","No","0","69082","1281082","11447","1361611","Included"
"2026-04-01T00:06:12.823Z","Included","gpt-5.3-codex","No","0","78627","2418244","11493","2508364","Included"
"2026-04-01T00:03:05.816Z","Included","gpt-5.3-codex","No","0","48263","1171743","11400","1231406","Included"
"2026-03-31T23:59:47.964Z","Included","gpt-5.3-codex","No","0","94344","1811744","9058","1915146","Included"
"2026-03-31T23:59:17.183Z","Included","auto","No","0","7305","196608","2624","206537","Included"
"2026-03-31T23:55:31.642Z","Included","gpt-5.3-codex","No","0","40407","903589","7426","951422","Included"
"2026-03-31T23:55:06.804Z","Included","auto","No","0","9966","205824","2880","218670","Included"
"2026-03-31T23:53:24.260Z","Included","auto","No","0","20221","43008","753","63982","Included"
"2026-03-31T23:28:53.977Z","Included","claude-4.6-sonnet-medium-thinking","No","135739","90","7251720","84663","7472212","Included"
"2026-03-31T23:28:13.493Z","Included","auto","No","0","10574","70144","1900","82618","Included"
"2026-03-31T23:18:12.280Z","Included","auto","No","0","622","10752","730","12104","Included"
"2026-03-31T23:16:26.889Z","Included","auto","No","0","5981","5120","220","11321","Included"
"2026-03-31T23:12:56.892Z","Included","auto","No","0","4699","178688","1823","185210","Included"
"2026-03-31T23:09:16.449Z","Included","auto","No","0","2071","136704","501","139276","Included"
"2026-03-31T23:04:19.484Z","Included","auto","No","0","36678","371200","7563","415441","Included"
